{
  "metadata": {
    "generatedAt": "2026-06-27T23:50:00.654Z",
    "node": "v22.23.0",
    "platform": "linux",
    "arch": "x64",
    "rounds": 10,
    "warmup": 5000,
    "counterIterations": 50000,
    "listSize": 1000,
    "listUpdates": 1000,
    "largeListSize": 10000,
    "largeListMoves": 100,
    "arraySize": 2000,
    "arrayMoves": 50
  },
  "results": [
    {
      "scenario": "derived-counter",
      "framework": "Ariana",
      "finalValue": 99998,
      "unit": "ms",
      "min": 27.587017999999944,
      "median": 27.721066999999948,
      "p75": 27.866688000000067,
      "p95": 48.291417000000024,
      "max": 48.291417000000024,
      "runs": [
        48.291417000000024,
        27.95122600000002,
        27.70360500000004,
        27.771671000000026,
        27.766841999999997,
        27.866688000000067,
        27.587017999999944,
        27.604780000000005,
        27.625539000000003,
        27.721066999999948
      ]
    },
    {
      "scenario": "derived-counter",
      "framework": "Angular",
      "finalValue": 99998,
      "unit": "ms",
      "min": 2.747882000000004,
      "median": 2.75507499999992,
      "p75": 2.7584110000000237,
      "p95": 14.248405999999932,
      "max": 14.248405999999932,
      "runs": [
        14.248405999999932,
        3.1750470000000632,
        2.753863000000024,
        2.753170999999952,
        2.7542829999999867,
        2.75507499999992,
        2.747882000000004,
        2.7556460000000698,
        2.7584110000000237,
        2.7566779999999653
      ]
    },
    {
      "scenario": "derived-counter",
      "framework": "React",
      "finalValue": 99998,
      "unit": "ms",
      "min": 54.648796000000175,
      "median": 54.94264300000009,
      "p75": 55.167041999999924,
      "p95": 106.16135499999996,
      "max": 106.16135499999996,
      "runs": [
        106.16135499999996,
        55.14196500000003,
        54.97325000000001,
        54.799605999999926,
        55.167041999999924,
        54.88628799999992,
        54.94264300000009,
        54.87469599999986,
        55.18514500000015,
        54.648796000000175
      ]
    },
    {
      "scenario": "derived-counter",
      "framework": "Vue",
      "finalValue": 99998,
      "unit": "ms",
      "min": 2.8626950000000306,
      "median": 2.940650999999889,
      "p75": 2.951911999999993,
      "p95": 13.483069999999998,
      "max": 13.483069999999998,
      "runs": [
        13.483069999999998,
        2.9501180000002023,
        2.951911999999993,
        2.934499000000187,
        2.9320450000000164,
        2.94094199999995,
        2.940650999999889,
        3.312012999999979,
        2.8642079999999623,
        2.8626950000000306
      ]
    },
    {
      "scenario": "derived-counter",
      "framework": "Svelte",
      "finalValue": 99998,
      "unit": "ms",
      "min": 10.04124499999989,
      "median": 10.213786999999911,
      "p75": 10.257577999999967,
      "p95": 20.195650000000114,
      "max": 20.195650000000114,
      "runs": [
        20.195650000000114,
        10.066301000000067,
        10.264130999999907,
        10.257577999999967,
        10.22412600000007,
        10.255042999999887,
        10.04124499999989,
        10.188830000000053,
        10.196414000000004,
        10.213786999999911
      ]
    },
    {
      "scenario": "derived-counter",
      "framework": "Solid",
      "finalValue": 99998,
      "unit": "ms",
      "min": 13.037720000000036,
      "median": 13.126205000000027,
      "p75": 13.348709999999983,
      "p95": 29.101580000000013,
      "max": 29.101580000000013,
      "runs": [
        29.101580000000013,
        13.53774199999998,
        13.08828399999993,
        13.070259999999962,
        13.267077999999856,
        13.037720000000036,
        13.25081699999987,
        13.07810500000005,
        13.348709999999983,
        13.126205000000027
      ]
    },
    {
      "scenario": "list-1000-update",
      "framework": "Ariana",
      "finalValue": 514500,
      "unit": "ms",
      "min": 3.4104469999999765,
      "median": 3.5032400000000052,
      "p75": 3.656506000000036,
      "p95": 3.852429999999913,
      "max": 3.852429999999913,
      "runs": [
        3.455159999999978,
        3.6301260000000184,
        3.5032400000000052,
        3.852429999999913,
        3.438278999999966,
        3.679858999999851,
        3.4104469999999765,
        3.656506000000036,
        3.4137520000001587,
        3.633583000000044
      ]
    },
    {
      "scenario": "list-1000-update",
      "framework": "Angular",
      "finalValue": 514500,
      "unit": "ms",
      "min": 3.6195259999999507,
      "median": 3.7201340000001437,
      "p75": 3.8430929999999535,
      "p95": 3.942777999999862,
      "max": 3.942777999999862,
      "runs": [
        3.942777999999862,
        3.7201340000001437,
        3.8430929999999535,
        3.646496999999954,
        3.808479000000034,
        3.637478999999985,
        3.8554760000001806,
        3.645725000000084,
        3.821322000000009,
        3.6195259999999507
      ]
    },
    {
      "scenario": "list-1000-update",
      "framework": "React",
      "finalValue": 514500,
      "unit": "ms",
      "min": 2.955838999999969,
      "median": 2.991025000000036,
      "p75": 3.1683859999998276,
      "p95": 3.5678700000000845,
      "max": 3.5678700000000845,
      "runs": [
        3.329786000000013,
        3.5678700000000845,
        2.991025000000036,
        3.13091600000007,
        2.9613690000001043,
        3.1683859999998276,
        2.9850739999999405,
        2.961409999999887,
        3.1312659999998687,
        2.955838999999969
      ]
    },
    {
      "scenario": "list-1000-update",
      "framework": "Vue",
      "finalValue": 514500,
      "unit": "ms",
      "min": 51.438742000000275,
      "median": 52.66175200000043,
      "p75": 60.37929599999961,
      "p95": 66.39877499999966,
      "max": 66.39877499999966,
      "runs": [
        60.786211000000094,
        51.696772999999666,
        60.37929599999961,
        51.438742000000275,
        59.14971700000024,
        52.66175200000043,
        66.39877499999966,
        51.640428000000156,
        55.52465800000027,
        51.545622000000094
      ]
    },
    {
      "scenario": "list-1000-update",
      "framework": "Svelte",
      "finalValue": 514500,
      "unit": "ms",
      "min": 10.403769999999895,
      "median": 10.62133700000004,
      "p75": 10.82146899999998,
      "p95": 12.206751000000168,
      "max": 12.206751000000168,
      "runs": [
        10.735850000000028,
        10.424379000000044,
        10.70708599999989,
        10.403769999999895,
        10.62133700000004,
        10.405473999999685,
        12.206751000000168,
        11.205024000000321,
        10.82146899999998,
        10.424238999999943
      ]
    },
    {
      "scenario": "list-1000-update",
      "framework": "Solid",
      "finalValue": 514500,
      "unit": "ms",
      "min": 9.797540000000026,
      "median": 10.052695999999742,
      "p75": 10.63750600000003,
      "p95": 13.053519999999935,
      "max": 13.053519999999935,
      "runs": [
        10.439747999999781,
        10.678262999999788,
        10.397510000000239,
        10.63750600000003,
        13.053519999999935,
        10.052695999999742,
        9.797540000000026,
        10.003786000000218,
        9.813580999999886,
        9.970362999999907
      ]
    },
    {
      "scenario": "keyed-list-1000-update",
      "framework": "Ariana",
      "finalValue": 514500,
      "unit": "ms",
      "min": 0.5340360000000146,
      "median": 0.6789859999998953,
      "p75": 0.8800700000001598,
      "p95": 1.1137350000003607,
      "max": 1.1137350000003607,