{
  "metadata": {
    "generatedAt": "2026-06-29T19:58:29.313Z",
    "node": "v22.23.0",
    "platform": "linux",
    "arch": "x64",
    "rounds": 10,
    "warmup": 5000,
    "counterIterations": 50000,
    "listSize": 1000,
    "listUpdates": 1000,
    "largeListSize": 10000,
    "largeListMoves": 100,
    "arraySize": 2000,
    "arrayMoves": 50
  },
  "results": [
    {
      "scenario": "derived-counter",
      "framework": "Ariana",
      "finalValue": 99998,
      "unit": "ms",
      "min": 1.4391650000000027,
      "median": 1.4475269999999796,
      "p75": 1.590782000000047,
      "p95": 9.263963999999987,
      "max": 9.263963999999987,
      "runs": [
        9.263963999999987,
        1.7781050000000391,
        1.590782000000047,
        1.4416879999999992,
        1.4474370000000363,
        1.450491999999997,
        1.4524549999999863,
        1.4391650000000027,
        1.4475269999999796,
        1.4396350000000098
      ]
    },
    {
      "scenario": "derived-counter",
      "framework": "Angular",
      "finalValue": 99998,
      "unit": "ms",
      "min": 3.179561999999976,
      "median": 3.204318999999998,
      "p75": 3.283457999999996,
      "p95": 17.091767000000004,
      "max": 17.091767000000004,
      "runs": [
        17.091767000000004,
        3.7684879999999907,
        3.206072000000006,
        3.283457999999996,
        3.179953000000012,
        3.179561999999976,
        3.1830269999999814,
        3.183006999999975,
        3.26789500000001,
        3.204318999999998
      ]
    },
    {
      "scenario": "derived-counter",
      "framework": "React",
      "finalValue": 99998,
      "unit": "ms",
      "min": 49.769354999999905,
      "median": 49.98875499999997,
      "p75": 50.15556600000002,
      "p95": 105.30432199999996,
      "max": 105.30432199999996,
      "runs": [
        105.30432199999996,
        50.10403899999994,
        50.45588799999996,
        49.98875499999997,
        49.969855999999936,
        49.769354999999905,
        50.15556600000002,
        49.95119799999998,
        49.898229000000015,
        50.128385000000094
      ]
    },
    {
      "scenario": "derived-counter",
      "framework": "Vue",
      "finalValue": 99998,
      "unit": "ms",
      "min": 2.8813940000000002,
      "median": 2.8900370000001203,
      "p75": 2.896596999999929,
      "p95": 13.607956999999942,
      "max": 13.607956999999942,
      "runs": [
        13.607956999999942,
        2.887433000000101,
        2.89005700000007,
        2.8813940000000002,
        3.225351000000046,
        2.8886250000000473,
        2.8879129999997986,
        2.896596999999929,
        2.8900370000001203,
        2.8947339999999713
      ]
    },
    {
      "scenario": "derived-counter",
      "framework": "Svelte",
      "finalValue": 99998,
      "unit": "ms",
      "min": 9.754190999999992,
      "median": 9.971888000000035,
      "p75": 10.020692000000054,
      "p95": 20.46478000000002,
      "max": 20.46478000000002,
      "runs": [
        20.46478000000002,
        9.940239999999903,
        10.020692000000054,
        9.754190999999992,
        9.988402999999835,
        9.971888000000035,
        10.04756199999997,
        9.973420999999917,
        9.755762999999888,
        9.940732000000025
      ]
    },
    {
      "scenario": "derived-counter",
      "framework": "Solid",
      "finalValue": 99998,
      "unit": "ms",
      "min": 10.458279999999831,
      "median": 10.506922999999915,
      "p75": 10.671109999999999,
      "p95": 25.477559999999812,
      "max": 25.477559999999812,
      "runs": [
        25.477559999999812,
        10.49424399999998,
        10.79643800000008,
        10.506922999999915,
        10.458279999999831,
        10.640543999999863,
        10.504188000000113,
        10.62669300000016,
        10.484750000000076,
        10.671109999999999
      ]
    },
    {
      "scenario": "list-1000-update",
      "framework": "Ariana",
      "finalValue": 514500,
      "unit": "ms",
      "min": 3.6205750000001444,
      "median": 3.6480759999999464,
      "p75": 3.808488000000125,
      "p95": 3.8898699999999735,
      "max": 3.8898699999999735,
      "runs": [
        3.8898699999999735,
        3.6480759999999464,
        3.8885980000000018,
        3.6420980000000327,
        3.808488000000125,
        3.6263139999998657,
        3.802919999999858,
        3.6205750000001444,
        3.800796999999875,
        3.6360490000001846
      ]
    },
    {
      "scenario": "list-1000-update",
      "framework": "Angular",
      "finalValue": 514500,
      "unit": "ms",
      "min": 3.7742560000001504,
      "median": 3.958312999999862,
      "p75": 4.051343999999972,
      "p95": 4.968862999999828,
      "max": 4.968862999999828,
      "runs": [
        4.968862999999828,
        4.068448999999873,
        3.7874259999998685,
        3.993926999999985,
        3.804151000000047,
        4.051343999999972,
        3.7874269999999797,
        3.958312999999862,
        3.7742560000001504,
        3.9785839999999553
      ]
    },
    {
      "scenario": "list-1000-update",
      "framework": "React",
      "finalValue": 514500,
      "unit": "ms",
      "min": 3.2630679999999757,
      "median": 3.4360179999998763,
      "p75": 3.5086570000000847,
      "p95": 3.6987729999998464,
      "max": 3.6987729999998464,
      "runs": [
        3.6987729999998464,
        3.571330999999873,
        3.5086570000000847,
        3.270678999999973,
        3.453743999999915,
        3.2630679999999757,
        3.4653820000000906,
        3.263157000000092,
        3.4360179999998763,
        3.268687
      ]
    },
    {
      "scenario": "list-1000-update",
      "framework": "Vue",
      "finalValue": 514500,
      "unit": "ms",
      "min": 43.29841299999998,
      "median": 47.39049699999987,
      "p75": 48.072222999999894,
      "p95": 54.842405000000326,
      "max": 54.842405000000326,
      "runs": [
        48.58300600000007,
        48.072222999999894,
        47.35543400000006,
        47.745631,
        47.04113200000006,
        47.92288800000006,
        47.373577000000296,
        54.842405000000326,
        43.29841299999998,
        47.39049699999987
      ]
    },
    {
      "scenario": "list-1000-update",
      "framework": "Svelte",
      "finalValue": 514500,
      "unit": "ms",
      "min": 11.474308000000292,
      "median": 11.538103999999748,
      "p75": 11.804435000000012,
      "p95": 11.874579000000267,
      "max": 11.874579000000267,
      "runs": [
        11.544283000000178,
        11.474308000000292,
        11.874579000000267,
        11.538103999999748,
        11.857364000000416,
        11.50157900000022,
        11.78553600000032,
        11.52473400000008,
        11.804435000000012,
        11.49512999999979
      ]
    },
    {
      "scenario": "list-1000-update",
      "framework": "Solid",
      "finalValue": 514500,
      "unit": "ms",
      "min": 11.185433000000103,
      "median": 11.496422000000166,
      "p75": 11.820368000000144,
      "p95": 11.838245999999799,
      "max": 11.838245999999799,
      "runs": [
        11.185433000000103,
        11.32638599999973,
        11.187215999999808,
        11.444994000000406,
        11.496422000000166,
        11.835059999999885,
        11.57189500000004,
        11.820368000000144,
        11.500978000000032,
        11.838245999999799
      ]
    },
    {
      "scenario": "keyed-list-1000-update",
      "framework": "Ariana",
      "finalValue": 514500,
      "unit": "ms",
      "min": 0.6919910000001437,
      "median": 0.8280359999998836,
      "p75": 1.1217980000001262,
      "p95": 1.1568090000000666,
      "max": 1.1568090000000666,