{
  "metadata": {
    "generatedAt": "2026-06-28T00:05:36.798Z",
    "node": "v22.23.0",
    "platform": "linux",
    "arch": "x64",
    "rounds": 10,
    "warmup": 5000,
    "counterIterations": 50000,
    "listSize": 1000,
    "listUpdates": 1000,
    "largeListSize": 10000,
    "largeListMoves": 100,
    "arraySize": 2000,
    "arrayMoves": 50
  },
  "results": [
    {
      "scenario": "derived-counter",
      "framework": "Ariana",
      "finalValue": 99998,
      "unit": "ms",
      "min": 4.874764000000027,
      "median": 4.895702999999969,
      "p75": 4.912034000000006,
      "p95": 13.752359999999953,
      "max": 13.752359999999953,
      "runs": [
        13.752359999999953,
        4.898428000000024,
        4.874764000000027,
        4.891656000000012,
        4.877480000000048,
        4.883671000000049,
        4.895702999999969,
        4.912034000000006,
        4.9054120000000125,
        4.914528000000018
      ]
    },
    {
      "scenario": "derived-counter",
      "framework": "Angular",
      "finalValue": 99998,
      "unit": "ms",
      "min": 3.0464509999999905,
      "median": 3.048996000000045,
      "p75": 3.0606169999999793,
      "p95": 15.58486099999999,
      "max": 15.58486099999999,
      "runs": [
        15.58486099999999,
        3.4412550000000124,
        3.0606169999999793,
        3.0489450000000033,
        3.0464509999999905,
        3.048464000000024,
        3.050457999999992,
        3.0537239999999883,
        3.0486849999999777,
        3.048996000000045
      ]
    },
    {
      "scenario": "derived-counter",
      "framework": "React",
      "finalValue": 99998,
      "unit": "ms",
      "min": 53.53181799999993,
      "median": 53.97798899999998,
      "p75": 54.154838999999924,
      "p95": 108.71258399999999,
      "max": 108.71258399999999,
      "runs": [
        108.71258399999999,
        53.625215000000026,
        53.97798899999998,
        53.955617000000075,
        54.154838999999924,
        54.008305000000064,
        54.30560800000001,
        53.53181799999993,
        53.74617699999999,
        54.11926200000016
      ]
    },
    {
      "scenario": "derived-counter",
      "framework": "Vue",
      "finalValue": 99998,
      "unit": "ms",
      "min": 2.845196999999871,
      "median": 2.927891000000045,
      "p75": 3.159992000000102,
      "p95": 14.463433000000123,
      "max": 14.463433000000123,
      "runs": [
        14.463433000000123,
        3.159992000000102,
        2.9373379999999543,
        2.9463949999999386,
        2.924013000000059,
        2.9246740000000955,
        2.9247139999999945,
        2.927891000000045,
        3.163439000000153,
        2.845196999999871
      ]
    },
    {
      "scenario": "derived-counter",
      "framework": "Svelte",
      "finalValue": 99998,
      "unit": "ms",
      "min": 9.888967999999977,
      "median": 10.063482999999906,
      "p75": 10.148781999999983,
      "p95": 23.21734800000013,
      "max": 23.21734800000013,
      "runs": [
        23.21734800000013,
        10.184257000000116,
        10.107845999999881,
        10.148781999999983,
        10.050939999999855,
        9.888967999999977,
        10.049035999999887,
        10.115659999999934,
        10.063482999999906,
        9.895641000000069
      ]
    },
    {
      "scenario": "derived-counter",
      "framework": "Solid",
      "finalValue": 99998,
      "unit": "ms",
      "min": 12.58448599999997,
      "median": 12.666729000000032,
      "p75": 12.773417999999992,
      "p95": 27.372554000000036,
      "max": 27.372554000000036,
      "runs": [
        27.372554000000036,
        12.618960000000015,
        12.773417999999992,
        12.619371000000001,
        12.815927000000102,
        12.58448599999997,
        12.74073599999997,
        12.616696000000047,
        12.666729000000032,
        12.766114000000016
      ]
    },
    {
      "scenario": "list-1000-update",
      "framework": "Ariana",
      "finalValue": 514500,
      "unit": "ms",
      "min": 3.2916179999999713,
      "median": 3.3241669999999885,
      "p75": 3.5158440000000155,
      "p95": 3.563513000000057,
      "max": 3.563513000000057,
      "runs": [
        3.563513000000057,
        3.3075269999999364,
        3.5204530000000887,
        3.3241669999999885,
        3.5158440000000155,
        3.3017359999998916,
        3.456613999999945,
        3.2965570000001208,
        3.466912999999977,
        3.2916179999999713
      ]
    },
    {
      "scenario": "list-1000-update",
      "framework": "Angular",
      "finalValue": 514500,
      "unit": "ms",
      "min": 3.5719799999999395,
      "median": 3.5983289999999215,
      "p75": 3.7478869999999915,
      "p95": 5.047665999999936,
      "max": 5.047665999999936,
      "runs": [
        5.047665999999936,
        3.5983289999999215,
        3.7492489999999634,
        3.586896999999908,
        3.746413999999959,
        3.58634700000016,
        3.7292919999999867,
        3.589813000000049,
        3.7478869999999915,
        3.5719799999999395
      ]
    },
    {
      "scenario": "list-1000-update",
      "framework": "React",
      "finalValue": 514500,
      "unit": "ms",
      "min": 2.9284020000000055,
      "median": 3.087878000000046,
      "p75": 3.5070579999999154,
      "p95": 4.886195999999927,
      "max": 4.886195999999927,
      "runs": [
        3.5070579999999154,
        4.886195999999927,
        4.446227000000135,
        2.9360249999999724,
        3.0995500000001357,
        2.935453999999936,
        3.099899999999934,
        2.936125999999831,
        3.087878000000046,
        2.9284020000000055
      ]
    },
    {
      "scenario": "list-1000-update",
      "framework": "Vue",
      "finalValue": 514500,
      "unit": "ms",
      "min": 41.885147999999845,
      "median": 45.114358999999695,
      "p75": 46.98874799999976,
      "p95": 54.96252700000014,
      "max": 54.96252700000014,
      "runs": [
        45.5197740000001,
        48.26115700000014,
        44.728221000000076,
        46.671763000000055,
        44.72859100000005,
        46.98874799999976,
        45.06490299999996,
        54.96252700000014,
        41.885147999999845,
        45.114358999999695
      ]
    },
    {
      "scenario": "list-1000-update",
      "framework": "Svelte",
      "finalValue": 514500,
      "unit": "ms",
      "min": 10.049507000000176,
      "median": 10.601364999999987,
      "p75": 10.679699999999684,
      "p95": 12.564708999999766,
      "max": 12.564708999999766,
      "runs": [
        10.808850000000348,
        12.564708999999766,
        10.049507000000176,
        10.676663999999619,
        10.641689000000042,
        10.679699999999684,
        10.434743999999682,
        10.601364999999987,
        10.436105999999654,
        10.100953000000118
      ]
    },
    {
      "scenario": "list-1000-update",
      "framework": "Solid",
      "finalValue": 514500,
      "unit": "ms",
      "min": 10.433953000000201,
      "median": 11.473027000000002,
      "p75": 12.706592999999884,
      "p95": 14.038412000000335,
      "max": 14.038412000000335,
      "runs": [
        12.706592999999884,
        13.160797999999886,
        14.038412000000335,
        11.799283999999716,
        11.497351999999864,
        10.645846999999776,
        10.433953000000201,
        10.531122999999752,
        11.473027000000002,
        10.522347000000082
      ]
    },
    {
      "scenario": "keyed-list-1000-update",
      "framework": "Ariana",
      "finalValue": 514500,
      "unit": "ms",
      "min": 0.44532900000012887,
      "median": 0.6238109999999324,
      "p75": 0.7595040000001063,
      "p95": 0.8595900000000256,
      "max": 0.8595900000000256,