{
  "metadata": {
    "generatedAt": "2026-06-27T23:37:09.350Z",
    "node": "v22.23.0",
    "platform": "linux",
    "arch": "x64",
    "rounds": 10,
    "warmup": 5000,
    "counterIterations": 50000,
    "listSize": 1000,
    "listUpdates": 1000,
    "largeListSize": 10000,
    "largeListMoves": 100,
    "arraySize": 2000,
    "arrayMoves": 50
  },
  "results": [
    {
      "scenario": "derived-counter",
      "framework": "Ariana",
      "finalValue": 99998,
      "unit": "ms",
      "min": 21.99012199999993,
      "median": 22.27808200000004,
      "p75": 22.71434099999999,
      "p95": 60.03857900000003,
      "max": 60.03857900000003,
      "runs": [
        60.03857900000003,
        29.024256999999977,
        22.280917000000045,
        21.99012199999993,
        22.198312999999985,
        22.134202999999957,
        22.27808200000004,
        22.184987999999976,
        22.71434099999999,
        22.29234900000006
      ]
    },
    {
      "scenario": "derived-counter",
      "framework": "Angular",
      "finalValue": 99998,
      "unit": "ms",
      "min": 2.385338000000047,
      "median": 2.393522999999959,
      "p75": 2.4137610000000222,
      "p95": 19.115075000000047,
      "max": 19.115075000000047,
      "runs": [
        19.115075000000047,
        2.7083450000000084,
        2.4137610000000222,
        2.404944999999998,
        2.393522999999959,
        2.392631999999935,
        2.410886000000005,
        2.3863000000000056,
        2.385338000000047,
        2.392881999999986
      ]
    },
    {
      "scenario": "derived-counter",
      "framework": "React",
      "finalValue": 99998,
      "unit": "ms",
      "min": 55.284955999999966,
      "median": 55.53560700000003,
      "p75": 55.63601500000004,
      "p95": 106.70937800000002,
      "max": 106.70937800000002,
      "runs": [
        106.70937800000002,
        55.416071999999986,
        55.74096199999997,
        55.5690689999999,
        55.33287599999994,
        55.4893790000001,
        55.63601500000004,
        55.284955999999966,
        55.53782100000012,
        55.53560700000003
      ]
    },
    {
      "scenario": "derived-counter",
      "framework": "Vue",
      "finalValue": 99998,
      "unit": "ms",
      "min": 2.9320009999999,
      "median": 2.939294000000018,
      "p75": 2.992915000000039,
      "p95": 17.40316900000016,
      "max": 17.40316900000016,
      "runs": [
        17.40316900000016,
        2.992915000000039,
        2.9389340000000175,
        2.9360179999998763,
        2.9320009999999,
        2.9564660000000913,
        3.296974999999975,
        2.936008000000129,
        2.978368000000046,
        2.939294000000018
      ]
    },
    {
      "scenario": "derived-counter",
      "framework": "Svelte",
      "finalValue": 99998,
      "unit": "ms",
      "min": 10.521017999999913,
      "median": 10.780694999999923,
      "p75": 10.837251000000151,
      "p95": 23.988714000000073,
      "max": 23.988714000000073,
      "runs": [
        23.988714000000073,
        11.263270999999804,
        10.6024910000001,
        10.780694999999923,
        10.791725999999926,
        10.837251000000151,
        10.756920000000036,
        10.521017999999913,
        10.809629000000086,
        10.777648999999883
      ]
    },
    {
      "scenario": "derived-counter",
      "framework": "Solid",
      "finalValue": 99998,
      "unit": "ms",
      "min": 11.56812200000013,
      "median": 11.686293999999862,
      "p75": 11.969735000000128,
      "p95": 34.58344899999997,
      "max": 34.58344899999997,
      "runs": [
        34.58344899999997,
        12.011773999999832,
        11.58716800000002,
        11.797252000000071,
        11.56812200000013,
        11.817228999999998,
        11.612233999999944,
        11.664373000000069,
        11.969735000000128,
        11.686293999999862
      ]
    },
    {
      "scenario": "list-1000-update",
      "framework": "Ariana",
      "finalValue": 514500,
      "unit": "ms",
      "min": 3.455011999999897,
      "median": 3.5133310000001075,
      "p75": 3.712193999999954,
      "p95": 3.811710999999832,
      "max": 3.811710999999832,
      "runs": [
        3.4931930000000193,
        3.811710999999832,
        3.5133310000001075,
        3.766806000000088,
        3.456805000000031,
        3.712193999999954,
        3.455011999999897,
        3.688380000000052,
        3.4942849999999908,
        3.698658999999907
      ]
    },
    {
      "scenario": "list-1000-update",
      "framework": "Angular",
      "finalValue": 514500,
      "unit": "ms",
      "min": 3.6546760000001086,
      "median": 3.6849039999999604,
      "p75": 3.927748999999949,
      "p95": 5.151003000000173,
      "max": 5.151003000000173,
      "runs": [
        5.151003000000173,
        3.6546760000001086,
        3.975639000000001,
        3.6784200000001874,
        3.927748999999949,
        3.6849039999999604,
        3.858878999999888,
        3.681426999999985,
        3.879948999999897,
        3.6839919999999893
      ]
    },
    {
      "scenario": "list-1000-update",
      "framework": "React",
      "finalValue": 514500,
      "unit": "ms",
      "min": 3.015828000000056,
      "median": 3.252711999999974,
      "p75": 3.2789920000000166,
      "p95": 3.7566569999999047,
      "max": 3.7566569999999047,
      "runs": [
        3.3667860000000474,
        3.7566569999999047,
        3.070020000000113,
        3.2647249999999985,
        3.015828000000056,
        3.252711999999974,
        3.03077600000006,
        3.2789920000000166,
        3.022219999999834,
        3.277458000000024
      ]
    },
    {
      "scenario": "list-1000-update",
      "framework": "Vue",
      "finalValue": 514500,
      "unit": "ms",
      "min": 54.88422899999978,
      "median": 57.0542660000001,
      "p75": 64.40897499999983,
      "p95": 77.83497099999977,
      "max": 77.83497099999977,
      "runs": [
        64.40897499999983,
        56.99657800000023,
        77.83497099999977,
        57.0542660000001,
        62.459714000000076,
        55.661919000000125,
        63.940442000000075,
        54.88422899999978,
        65.13008799999989,
        55.00987500000019
      ]
    },
    {
      "scenario": "list-1000-update",
      "framework": "Svelte",
      "finalValue": 514500,
      "unit": "ms",
      "min": 9.863431999999648,
      "median": 10.941345000000183,
      "p75": 11.145096999999623,
      "p95": 14.184063000000151,
      "max": 14.184063000000151,
      "runs": [
        9.92374400000017,
        11.008701000000201,
        10.800519999999779,
        10.941345000000183,
        9.863431999999648,
        11.063234000000193,
        14.184063000000151,
        11.234506000000238,
        10.77860899999996,
        11.145096999999623
      ]
    },
    {
      "scenario": "list-1000-update",
      "framework": "Solid",
      "finalValue": 514500,
      "unit": "ms",
      "min": 9.873239000000012,
      "median": 10.67117700000017,
      "p75": 10.832951000000321,
      "p95": 11.046201999999994,
      "max": 11.046201999999994,
      "runs": [
        11.046201999999994,
        10.77035399999977,
        10.382234999999582,
        9.873239000000012,
        10.963987000000088,
        10.778309000000263,
        10.67117700000017,
        9.918944999999894,
        10.832951000000321,
        10.407713999999942
      ]
    },
    {
      "scenario": "list-10000-move",
      "framework": "Ariana",
      "finalValue": 10000,
      "unit": "ms",
      "min": 3.898800999999821,
      "median": 4.061627000000044,
      "p75": 4.161012999999912,
      "p95": 7.267736000000241,
      "max": 7.267736000000241,