{
  "metadata": {
    "generatedAt": "2026-06-27T23:47:35.854Z",
    "node": "v22.23.0",
    "platform": "linux",
    "arch": "x64",
    "rounds": 10,
    "warmup": 5000,
    "counterIterations": 50000,
    "listSize": 1000,
    "listUpdates": 1000,
    "largeListSize": 10000,
    "largeListMoves": 100,
    "arraySize": 2000,
    "arrayMoves": 50
  },
  "results": [
    {
      "scenario": "derived-counter",
      "framework": "Ariana",
      "finalValue": 99998,
      "unit": "ms",
      "min": 32.307030000000054,
      "median": 35.07727299999999,
      "p75": 35.190653,
      "p95": 51.052629999999965,
      "max": 51.052629999999965,
      "runs": [
        51.052629999999965,
        34.63784099999998,
        35.190653,
        32.307030000000054,
        35.14260200000001,
        35.07727299999999,
        35.17468599999995,
        35.68694500000004,
        34.183182999999985,
        35.03963699999997
      ]
    },
    {
      "scenario": "derived-counter",
      "framework": "Angular",
      "finalValue": 99998,
      "unit": "ms",
      "min": 2.876506999999947,
      "median": 2.9035749999999325,
      "p75": 2.9525130000000672,
      "p95": 16.508606999999984,
      "max": 16.508606999999984,
      "runs": [
        16.508606999999984,
        2.962248999999929,
        2.8929409999999507,
        2.9035749999999325,
        2.8924539999999297,
        2.90132200000005,
        2.9525130000000672,
        2.9385710000000245,
        2.944885999999997,
        2.876506999999947
      ]
    },
    {
      "scenario": "derived-counter",
      "framework": "React",
      "finalValue": 99998,
      "unit": "ms",
      "min": 54.737374000000045,
      "median": 55.180851000000075,
      "p75": 56.54539899999986,
      "p95": 105.00330900000006,
      "max": 105.00330900000006,
      "runs": [
        105.00330900000006,
        55.277518999999984,
        54.79094900000007,
        54.761082999999985,
        55.180851000000075,
        60.65847500000018,
        56.54539899999986,
        56.172401000000036,
        54.737374000000045,
        54.84882500000003
      ]
    },
    {
      "scenario": "derived-counter",
      "framework": "Vue",
      "finalValue": 99998,
      "unit": "ms",
      "min": 2.9446519999999055,
      "median": 2.994140000000016,
      "p75": 3.4616790000000037,
      "p95": 15.596614999999929,
      "max": 15.596614999999929,
      "runs": [
        15.596614999999929,
        3.01739600000019,
        3.4671900000000733,
        2.994140000000016,
        2.9446519999999055,
        2.9505770000000666,
        2.984472000000096,
        3.0878680000000713,
        2.9455179999999928,
        3.4616790000000037
      ]
    },
    {
      "scenario": "derived-counter",
      "framework": "Svelte",
      "finalValue": 99998,
      "unit": "ms",
      "min": 12.92905799999994,
      "median": 13.152688000000126,
      "p75": 13.238373000000138,
      "p95": 22.451017999999976,
      "max": 22.451017999999976,
      "runs": [
        22.451017999999976,
        12.934663,
        13.317064000000073,
        13.238373000000138,
        13.152688000000126,
        12.967542999999978,
        13.21050799999989,
        13.20932700000003,
        13.12722900000017,
        12.92905799999994
      ]
    },
    {
      "scenario": "derived-counter",
      "framework": "Solid",
      "finalValue": 99998,
      "unit": "ms",
      "min": 12.162526999999955,
      "median": 12.501820999999836,
      "p75": 12.74409999999989,
      "p95": 28.645999999999958,
      "max": 28.645999999999958,
      "runs": [
        28.645999999999958,
        12.74477899999988,
        12.313900999999987,
        12.505893000000015,
        12.162526999999955,
        12.501820999999836,
        12.74409999999989,
        12.290149000000156,
        12.561132000000043,
        12.211500999999998
      ]
    },
    {
      "scenario": "list-1000-update",
      "framework": "Ariana",
      "finalValue": 514500,
      "unit": "ms",
      "min": 3.9507639999999355,
      "median": 4.0365690000000995,
      "p75": 4.292208000000073,
      "p95": 4.34983299999999,
      "max": 4.34983299999999,
      "runs": [
        3.9916709999999966,
        4.34983299999999,
        4.006055999999944,
        4.314104000000043,
        3.9507639999999355,
        4.279364000000214,
        3.9769870000000083,
        4.25416499999983,
        4.0365690000000995,
        4.292208000000073
      ]
    },
    {
      "scenario": "list-1000-update",
      "framework": "Angular",
      "finalValue": 514500,
      "unit": "ms",
      "min": 4.344030999999859,
      "median": 4.531752999999981,
      "p75": 4.762112999999999,
      "p95": 4.795446000000084,
      "max": 4.795446000000084,
      "runs": [
        4.531752999999981,
        4.77165100000002,
        4.345139000000017,
        4.706695000000082,
        4.344030999999859,
        4.703668000000107,
        4.438319999999976,
        4.795446000000084,
        4.3538200000000415,
        4.762112999999999
      ]
    },
    {
      "scenario": "list-1000-update",
      "framework": "React",
      "finalValue": 514500,
      "unit": "ms",
      "min": 3.5418379999998706,
      "median": 3.8835730000000694,
      "p75": 4.052965999999969,
      "p95": 5.256433999999899,
      "max": 5.256433999999899,
      "runs": [
        4.163686000000098,
        4.052965999999969,
        5.256433999999899,
        3.9504830000000766,
        3.613171000000193,
        3.878801000000067,
        3.6221669999999904,
        3.94055000000003,
        3.5418379999998706,
        3.8835730000000694
      ]
    },
    {
      "scenario": "list-1000-update",
      "framework": "Vue",
      "finalValue": 514500,
      "unit": "ms",
      "min": 40.05316500000026,
      "median": 46.442249000000174,
      "p75": 49.59606399999984,
      "p95": 50.6128090000002,
      "max": 50.6128090000002,
      "runs": [
        50.6128090000002,
        40.77387499999986,
        49.610952,
        40.28455100000019,
        49.59606399999984,
        46.442249000000174,
        45.05666700000029,
        47.743879000000106,
        47.768249000000196,
        40.05316500000026
      ]
    },
    {
      "scenario": "list-1000-update",
      "framework": "Svelte",
      "finalValue": 514500,
      "unit": "ms",
      "min": 10.084906000000046,
      "median": 10.532964999999876,
      "p75": 10.646040999999968,
      "p95": 13.275176000000101,
      "max": 13.275176000000101,
      "runs": [
        10.260956000000078,
        10.613700000000335,
        10.084906000000046,
        10.646040999999968,
        10.330183999999917,
        10.848761000000195,
        10.390002999999979,
        13.275176000000101,
        10.532964999999876,
        10.641287000000375
      ]
    },
    {
      "scenario": "list-1000-update",
      "framework": "Solid",
      "finalValue": 514500,
      "unit": "ms",
      "min": 9.930972999999994,
      "median": 10.365315999999893,
      "p75": 10.601728999999978,
      "p95": 10.698914000000059,
      "max": 10.698914000000059,
      "runs": [
        10.059310000000096,
        10.601728999999978,
        10.32463800000005,
        10.698914000000059,
        9.930972999999994,
        10.520554000000175,
        10.365315999999893,
        10.547810000000027,
        10.137103999999908,
        10.633370000000014
      ]
    },
    {
      "scenario": "keyed-list-1000-update",
      "framework": "Ariana",
      "finalValue": 514500,
      "unit": "ms",
      "min": 1.1383230000001276,
      "median": 1.4067050000003292,
      "p75": 1.664600000000064,
      "p95": 1.982948000000306,
      "max": 1.982948000000306,