{
  "metadata": {
    "generatedAt": "2026-06-27T23:57:51.500Z",
    "node": "v22.23.0",
    "platform": "linux",
    "arch": "x64",
    "rounds": 10,
    "warmup": 5000,
    "counterIterations": 50000,
    "listSize": 1000,
    "listUpdates": 1000,
    "largeListSize": 10000,
    "largeListMoves": 100,
    "arraySize": 2000,
    "arrayMoves": 50
  },
  "results": [
    {
      "scenario": "derived-counter",
      "framework": "Ariana",
      "finalValue": 99998,
      "unit": "ms",
      "min": 7.378573000000017,
      "median": 7.562698000000012,
      "p75": 9.024980000000028,
      "p95": 16.57374500000003,
      "max": 16.57374500000003,
      "runs": [
        16.57374500000003,
        7.562698000000012,
        9.316149999999993,
        9.024980000000028,
        7.52502400000003,
        7.452101999999968,
        7.701656000000014,
        7.378573000000017,
        7.67344700000001,
        7.412062999999989
      ]
    },
    {
      "scenario": "derived-counter",
      "framework": "Angular",
      "finalValue": 99998,
      "unit": "ms",
      "min": 2.847126000000003,
      "median": 2.883722999999975,
      "p75": 2.9371459999999843,
      "p95": 16.22630399999997,
      "max": 16.22630399999997,
      "runs": [
        16.22630399999997,
        2.938947999999982,
        2.8848959999999693,
        2.853925000000004,
        2.847126000000003,
        2.9371459999999843,
        2.9006949999999847,
        2.883722999999975,
        2.8769589999999994,
        2.8567429999999945
      ]
    },
    {
      "scenario": "derived-counter",
      "framework": "React",
      "finalValue": 99998,
      "unit": "ms",
      "min": 54.09116300000005,
      "median": 54.36662000000001,
      "p75": 54.52073399999995,
      "p95": 105.43817099999995,
      "max": 105.43817099999995,
      "runs": [
        105.43817099999995,
        54.47587500000009,
        54.11489299999994,
        54.52073399999995,
        54.36662000000001,
        54.09116300000005,
        54.53970700000002,
        54.34171500000002,
        54.200254000000086,
        54.41096500000003
      ]
    },
    {
      "scenario": "derived-counter",
      "framework": "Vue",
      "finalValue": 99998,
      "unit": "ms",
      "min": 2.9154900000000907,
      "median": 3.008407000000034,
      "p75": 3.0649940000000697,
      "p95": 17.4635159999998,
      "max": 17.4635159999998,
      "runs": [
        17.4635159999998,
        3.008407000000034,
        3.0649940000000697,
        3.366903999999977,
        3.0106089999999313,
        2.9588169999999536,
        2.960360000000037,
        3.013294999999971,
        2.9154900000000907,
        2.982592000000068
      ]
    },
    {
      "scenario": "derived-counter",
      "framework": "Svelte",
      "finalValue": 99998,
      "unit": "ms",
      "min": 12.144420999999966,
      "median": 12.4814429999999,
      "p75": 12.583851999999979,
      "p95": 26.30314700000008,
      "max": 26.30314700000008,
      "runs": [
        26.30314700000008,
        12.598989000000074,
        12.518252000000075,
        12.537640999999894,
        12.20420799999988,
        12.365921999999955,
        12.583851999999979,
        12.332605999999942,
        12.144420999999966,
        12.4814429999999
      ]
    },
    {
      "scenario": "derived-counter",
      "framework": "Solid",
      "finalValue": 99998,
      "unit": "ms",
      "min": 12.149410999999873,
      "median": 12.1771490000001,
      "p75": 12.545673000000079,
      "p95": 28.142606000000114,
      "max": 28.142606000000114,
      "runs": [
        28.142606000000114,
        12.149410999999873,
        12.486733999999842,
        12.160597000000053,
        12.173557999999957,
        12.545673000000079,
        12.1771490000001,
        12.47516799999994,
        12.175576999999976,
        12.58814099999995
      ]
    },
    {
      "scenario": "list-1000-update",
      "framework": "Ariana",
      "finalValue": 514500,
      "unit": "ms",
      "min": 3.627948999999944,
      "median": 3.8016869999999017,
      "p75": 4.099255000000085,
      "p95": 4.1575010000001384,
      "max": 4.1575010000001384,
      "runs": [
        4.065468999999894,
        3.8016869999999017,
        4.1575010000001384,
        3.717764999999872,
        4.126105000000052,
        3.7044680000001335,
        4.099255000000085,
        3.627948999999944,
        4.06684899999982,
        3.739773000000014
      ]
    },
    {
      "scenario": "list-1000-update",
      "framework": "Angular",
      "finalValue": 514500,
      "unit": "ms",
      "min": 4.017127000000073,
      "median": 4.282276000000138,
      "p75": 4.376308000000108,
      "p95": 5.465398999999934,
      "max": 5.465398999999934,
      "runs": [
        5.465398999999934,
        4.419828000000052,
        4.0476840000001175,
        4.376308000000108,
        4.040465999999924,
        4.282276000000138,
        4.017127000000073,
        4.319713999999976,
        4.151305999999977,
        4.339561000000003
      ]
    },
    {
      "scenario": "list-1000-update",
      "framework": "React",
      "finalValue": 514500,
      "unit": "ms",
      "min": 3.1941490000001522,
      "median": 3.465540999999803,
      "p75": 3.695054999999911,
      "p95": 5.09691799999996,
      "max": 5.09691799999996,
      "runs": [
        3.695054999999911,
        5.078368000000182,
        5.09691799999996,
        3.1999029999999493,
        3.4656539999998586,
        3.1946560000001227,
        3.5184719999999743,
        3.1941490000001522,
        3.465540999999803,
        3.2449910000000273
      ]
    },
    {
      "scenario": "list-1000-update",
      "framework": "Vue",
      "finalValue": 514500,
      "unit": "ms",
      "min": 41.54106199999978,
      "median": 46.56295799999998,
      "p75": 47.50155400000017,
      "p95": 54.38863200000014,
      "max": 54.38863200000014,
      "runs": [
        45.62480800000003,
        47.26218299999982,
        48.49238500000001,
        47.50155400000017,
        46.56295799999998,
        46.16830699999991,
        45.01813600000014,
        54.38863200000014,
        41.54106199999978,
        47.18258500000002
      ]
    },
    {
      "scenario": "list-1000-update",
      "framework": "Svelte",
      "finalValue": 514500,
      "unit": "ms",
      "min": 9.865189999999984,
      "median": 10.224377999999888,
      "p75": 11.631170999999995,
      "p95": 14.780264000000443,
      "max": 14.780264000000443,
      "runs": [
        10.751710000000003,
        9.865189999999984,
        10.543558000000303,
        10.224377999999888,
        14.03624200000013,
        14.780264000000443,
        11.631170999999995,
        9.963244999999915,
        10.126036999999997,
        10.185554000000138
      ]
    },
    {
      "scenario": "list-1000-update",
      "framework": "Solid",
      "finalValue": 514500,
      "unit": "ms",
      "min": 9.67187100000001,
      "median": 10.065200999999888,
      "p75": 10.228160000000116,
      "p95": 10.50575600000002,
      "max": 10.50575600000002,
      "runs": [
        9.67187100000001,
        10.065200999999888,
        9.746859999999742,
        10.117459999999937,
        9.797218999999586,
        10.228160000000116,
        9.906094999999823,
        10.413101000000097,
        10.16904999999997,
        10.50575600000002
      ]
    },
    {
      "scenario": "keyed-list-1000-update",
      "framework": "Ariana",
      "finalValue": 514500,
      "unit": "ms",
      "min": 0.7870200000002114,
      "median": 1.0303479999997762,
      "p75": 1.0846639999999752,
      "p95": 1.315443999999843,
      "max": 1.315443999999843,