{
  "metadata": {
    "generatedAt": "2026-06-27T23:30:12.962Z",
    "node": "v22.23.0",
    "platform": "linux",
    "arch": "x64",
    "rounds": 10,
    "warmup": 5000,
    "counterIterations": 50000,
    "listSize": 1000,
    "listUpdates": 1000,
    "largeListSize": 10000,
    "largeListMoves": 100,
    "arraySize": 2000,
    "arrayMoves": 50
  },
  "results": [
    {
      "scenario": "derived-counter",
      "framework": "Ariana",
      "finalValue": 99998,
      "unit": "ms",
      "min": 12.74132400000002,
      "median": 13.024410999999986,
      "p75": 15.97191399999997,
      "p95": 31.749619000000052,
      "max": 31.749619000000052,
      "runs": [
        31.749619000000052,
        12.74132400000002,
        12.928633000000048,
        12.954420999999968,
        13.024410999999986,
        15.160142000000008,
        16.00685900000002,
        15.97191399999997,
        13.170704000000057,
        12.865926000000059
      ]
    },
    {
      "scenario": "derived-counter",
      "framework": "Angular",
      "finalValue": 99998,
      "unit": "ms",
      "min": 2.3748050000000376,
      "median": 2.388641000000007,
      "p75": 2.5813799999999674,
      "p95": 15.118682999999919,
      "max": 15.118682999999919,
      "runs": [
        15.118682999999919,
        2.4100610000000415,
        2.582241999999951,
        2.376588999999967,
        2.3837120000000596,
        2.3748050000000376,
        2.5813799999999674,
        2.4125760000000582,
        2.376688999999942,
        2.388641000000007
      ]
    },
    {
      "scenario": "derived-counter",
      "framework": "React",
      "finalValue": 99998,
      "unit": "ms",
      "min": 56.84330799999998,
      "median": 57.25777400000004,
      "p75": 57.50997600000005,
      "p95": 108.04051400000003,
      "max": 108.04051400000003,
      "runs": [
        108.04051400000003,
        56.84330799999998,
        57.400711,
        57.07880799999998,
        56.88016700000003,
        57.25777400000004,
        57.60246900000004,
        57.141616,
        57.37525300000016,
        57.50997600000005
      ]
    },
    {
      "scenario": "derived-counter",
      "framework": "Vue",
      "finalValue": 99998,
      "unit": "ms",
      "min": 2.986548999999968,
      "median": 2.9937629999999444,
      "p75": 3.009232000000111,
      "p95": 14.536738000000014,
      "max": 14.536738000000014,
      "runs": [
        14.536738000000014,
        2.995956999999862,
        3.009232000000111,
        2.986548999999968,
        2.9924000000000888,
        3.3465940000000955,
        2.9929819999999836,
        2.9937629999999444,
        2.999072999999953,
        2.9904169999999795
      ]
    },
    {
      "scenario": "derived-counter",
      "framework": "Svelte",
      "finalValue": 99998,
      "unit": "ms",
      "min": 10.261535000000094,
      "median": 10.480264999999918,
      "p75": 10.526170999999977,
      "p95": 20.84503400000017,
      "max": 20.84503400000017,
      "runs": [
        20.84503400000017,
        10.57713600000011,
        10.265051999999969,
        10.511222999999973,
        10.480264999999918,
        10.483602000000019,
        10.478691000000026,
        10.261535000000094,
        10.455188000000135,
        10.526170999999977
      ]
    },
    {
      "scenario": "derived-counter",
      "framework": "Solid",
      "finalValue": 99998,
      "unit": "ms",
      "min": 12.55401599999982,
      "median": 12.729284000000007,
      "p75": 12.885326000000077,
      "p95": 30.33192999999983,
      "max": 30.33192999999983,
      "runs": [
        30.33192999999983,
        12.932373999999982,
        12.592046999999866,
        12.867482999999993,
        12.729284000000007,
        12.885326000000077,
        12.562010999999984,
        12.617233999999826,
        12.820085000000063,
        12.55401599999982
      ]
    },
    {
      "scenario": "list-1000-update",
      "framework": "Ariana",
      "finalValue": 514500,
      "unit": "ms",
      "min": 3.348937999999862,
      "median": 3.468181000000186,
      "p75": 3.543963000000076,
      "p95": 3.75004899999999,
      "max": 3.75004899999999,
      "runs": [
        3.3809479999999894,
        3.6353330000001733,
        3.468181000000186,
        3.75004899999999,
        3.3942120000001523,
        3.543963000000076,
        3.351461999999856,
        3.5291550000001735,
        3.348937999999862,
        3.4847729999999046
      ]
    },
    {
      "scenario": "list-1000-update",
      "framework": "Angular",
      "finalValue": 514500,
      "unit": "ms",
      "min": 3.6305449999999837,
      "median": 3.6549210000000585,
      "p75": 3.891313000000082,
      "p95": 4.126062999999931,
      "max": 4.126062999999931,
      "runs": [
        4.126062999999931,
        3.6549210000000585,
        3.891313000000082,
        3.6475860000000466,
        3.891063000000031,
        3.6305449999999837,
        3.916821000000027,
        3.631014999999934,
        3.8030280000000403,
        3.6358450000000175
      ]
    },
    {
      "scenario": "list-1000-update",
      "framework": "React",
      "finalValue": 514500,
      "unit": "ms",
      "min": 2.974866999999904,
      "median": 3.1301590000000488,
      "p75": 3.187404999999899,
      "p95": 3.691037999999935,
      "max": 3.691037999999935,
      "runs": [
        3.3248020000000906,
        3.691037999999935,
        3.104610999999977,
        3.1760639999999967,
        2.9768309999999474,
        3.187404999999899,
        2.9756090000000768,
        3.186734000000115,
        2.974866999999904,
        3.1301590000000488
      ]
    },
    {
      "scenario": "list-1000-update",
      "framework": "Vue",
      "finalValue": 514500,
      "unit": "ms",
      "min": 42.14807500000006,
      "median": 44.404557999999724,
      "p75": 50.803174000000126,
      "p95": 53.632358999999724,
      "max": 53.632358999999724,
      "runs": [
        51.19838299999992,
        43.96454399999993,
        50.803174000000126,
        44.404557999999724,
        49.90934900000002,
        43.23771399999987,
        50.23440900000014,
        42.14807500000006,
        53.632358999999724,
        42.20089300000018
      ]
    },
    {
      "scenario": "list-1000-update",
      "framework": "Svelte",
      "finalValue": 514500,
      "unit": "ms",
      "min": 10.154505000000427,
      "median": 10.406296000000111,
      "p75": 10.473771999999826,
      "p95": 10.727498000000196,
      "max": 10.727498000000196,
      "runs": [
        10.56581499999993,
        10.406296000000111,
        10.197485000000142,
        10.392079000000194,
        10.212624000000233,
        10.473771999999826,
        10.46462500000007,
        10.46334300000035,
        10.727498000000196,
        10.154505000000427
      ]
    },
    {
      "scenario": "list-1000-update",
      "framework": "Solid",
      "finalValue": 514500,
      "unit": "ms",
      "min": 9.884700000000066,
      "median": 10.444447999999738,
      "p75": 10.846189999999751,
      "p95": 12.97740900000008,
      "max": 12.97740900000008,
      "runs": [
        10.43895799999973,
        9.884700000000066,
        10.897885999999744,
        10.444447999999738,
        10.44106099999999,
        10.516912999999931,
        10.846189999999751,
        10.76776400000017,
        12.97740900000008,
        10.194840999999997
      ]
    },
    {
      "scenario": "list-10000-move",
      "framework": "Ariana",
      "finalValue": 10000,
      "unit": "ms",
      "min": 3.998113000000103,
      "median": 4.152761999999711,
      "p75": 4.2430819999999585,
      "p95": 7.8051980000000185,
      "max": 7.8051980000000185,