{
  "metadata": {
    "generatedAt": "2026-06-27T23:42:51.814Z",
    "node": "v22.23.0",
    "platform": "linux",
    "arch": "x64",
    "rounds": 10,
    "warmup": 5000,
    "counterIterations": 50000,
    "listSize": 1000,
    "listUpdates": 1000,
    "largeListSize": 10000,
    "largeListMoves": 100,
    "arraySize": 2000,
    "arrayMoves": 50
  },
  "results": [
    {
      "scenario": "derived-counter",
      "framework": "Ariana",
      "finalValue": 99998,
      "unit": "ms",
      "min": 27.95569499999999,
      "median": 28.060761000000014,
      "p75": 28.237301000000002,
      "p95": 46.696005000000014,
      "max": 46.696005000000014,
      "runs": [
        46.696005000000014,
        28.02057400000001,
        28.450198,
        28.060761000000014,
        28.039632000000097,
        27.95569499999999,
        27.971023999999943,
        28.237301000000002,
        28.235006999999996,
        28.139538000000016
      ]
    },
    {
      "scenario": "derived-counter",
      "framework": "Angular",
      "finalValue": 99998,
      "unit": "ms",
      "min": 3.0774020000000064,
      "median": 3.085277000000019,
      "p75": 3.135220000000004,
      "p95": 15.712931000000026,
      "max": 15.712931000000026,
      "runs": [
        15.712931000000026,
        3.3775229999999965,
        3.0777229999999918,
        3.0803880000000845,
        3.078785000000039,
        3.0774020000000064,
        3.1122179999999844,
        3.135220000000004,
        3.085988999999927,
        3.085277000000019
      ]
    },
    {
      "scenario": "derived-counter",
      "framework": "React",
      "finalValue": 99998,
      "unit": "ms",
      "min": 54.55625199999997,
      "median": 54.73801100000014,
      "p75": 55.05462100000011,
      "p95": 106.40357899999992,
      "max": 106.40357899999992,
      "runs": [
        106.40357899999992,
        55.29422899999997,
        54.55625199999997,
        54.63749299999995,
        55.05462100000011,
        54.70096200000012,
        54.91498200000001,
        54.65460599999983,
        54.73801100000014,
        54.837336999999934
      ]
    },
    {
      "scenario": "derived-counter",
      "framework": "Vue",
      "finalValue": 99998,
      "unit": "ms",
      "min": 2.9160420000000613,
      "median": 2.959963000000016,
      "p75": 3.1649160000001757,
      "p95": 14.375504999999976,
      "max": 14.375504999999976,
      "runs": [
        14.375504999999976,
        2.959963000000016,
        3.325546000000031,
        2.9160420000000613,
        2.928374000000076,
        2.924917999999934,
        3.1028799999999137,
        2.933324000000084,
        2.9861419999999725,
        3.1649160000001757
      ]
    },
    {
      "scenario": "derived-counter",
      "framework": "Svelte",
      "finalValue": 99998,
      "unit": "ms",
      "min": 10.167682000000013,
      "median": 10.410105000000158,
      "p75": 10.444639999999936,
      "p95": 23.344872000000123,
      "max": 23.344872000000123,
      "runs": [
        23.344872000000123,
        10.451182000000017,
        10.368747999999869,
        10.410105000000158,
        10.167682000000013,
        10.41143800000009,
        10.444639999999936,
        10.421225999999933,
        10.352838999999904,
        10.304378000000042
      ]
    },
    {
      "scenario": "derived-counter",
      "framework": "Solid",
      "finalValue": 99998,
      "unit": "ms",
      "min": 13.906529000000091,
      "median": 14.015763000000106,
      "p75": 14.22785900000008,
      "p95": 31.637035000000196,
      "max": 31.637035000000196,
      "runs": [
        31.637035000000196,
        14.015763000000106,
        14.184869000000162,
        13.951172999999926,
        14.274075999999923,
        13.906529000000091,
        13.973705000000109,
        14.211438000000044,
        14.01218700000004,
        14.22785900000008
      ]
    },
    {
      "scenario": "list-1000-update",
      "framework": "Ariana",
      "finalValue": 514500,
      "unit": "ms",
      "min": 3.4258930000000873,
      "median": 3.5999269999999797,
      "p75": 3.6856370000000425,
      "p95": 3.738345999999865,
      "max": 3.738345999999865,
      "runs": [
        3.7108039999998255,
        3.464014000000134,
        3.738345999999865,
        3.6319969999999557,
        3.633640000000014,
        3.440119999999979,
        3.5999269999999797,
        3.4379549999998744,
        3.6856370000000425,
        3.4258930000000873
      ]
    },
    {
      "scenario": "list-1000-update",
      "framework": "Angular",
      "finalValue": 514500,
      "unit": "ms",
      "min": 3.6172899999999117,
      "median": 3.8329919999998765,
      "p75": 3.9221189999998387,
      "p95": 4.858615999999984,
      "max": 4.858615999999984,
      "runs": [
        4.858615999999984,
        3.9221189999998387,
        4.458258999999998,
        3.886743000000024,
        3.6272489999998925,
        3.8329919999998765,
        3.632859000000053,
        3.8291759999999613,
        3.6172899999999117,
        3.840065999999979
      ]
    },
    {
      "scenario": "list-1000-update",
      "framework": "React",
      "finalValue": 514500,
      "unit": "ms",
      "min": 2.963489999999865,
      "median": 3.1617099999998572,
      "p75": 3.485163000000057,
      "p95": 5.020728999999847,
      "max": 5.020728999999847,
      "runs": [
        3.485163000000057,
        5.020728999999847,
        4.454752999999982,
        2.974190000000135,
        3.1617099999998572,
        3.046685000000025,
        3.2184360000001107,
        2.963489999999865,
        3.216532000000143,
        2.9668360000000575
      ]
    },
    {
      "scenario": "list-1000-update",
      "framework": "Vue",
      "finalValue": 514500,
      "unit": "ms",
      "min": 44.16285800000014,
      "median": 47.91066099999989,
      "p75": 49.49868400000014,
      "p95": 55.91387500000019,
      "max": 55.91387500000019,
      "runs": [
        48.4726899999996,
        48.898173999999926,
        47.77890500000012,
        49.49868400000014,
        47.52130500000021,
        49.789126000000124,
        47.51125600000023,
        55.91387500000019,
        44.16285800000014,
        47.91066099999989
      ]
    },
    {
      "scenario": "list-1000-update",
      "framework": "Svelte",
      "finalValue": 514500,
      "unit": "ms",
      "min": 9.825838000000203,
      "median": 10.07096300000012,
      "p75": 10.428695000000062,
      "p95": 13.791741000000002,
      "max": 13.791741000000002,
      "runs": [
        10.537343999999848,
        13.791741000000002,
        10.428695000000062,
        10.164040999999997,
        9.825838000000203,
        10.202799000000141,
        9.895399999999881,
        10.07096300000012,
        9.835688000000118,
        10.057806999999684
      ]
    },
    {
      "scenario": "list-1000-update",
      "framework": "Solid",
      "finalValue": 514500,
      "unit": "ms",
      "min": 9.837592999999742,
      "median": 10.323182000000088,
      "p75": 10.92367400000012,
      "p95": 11.000489000000016,
      "max": 11.000489000000016,
      "runs": [
        10.958835000000363,
        10.749221000000034,
        10.92367400000012,
        11.000489000000016,
        10.323182000000088,
        9.837592999999742,
        10.546212000000196,
        9.863164000000324,
        10.148009000000002,
        9.876721999999972
      ]
    },
    {
      "scenario": "keyed-list-1000-update",
      "framework": "Ariana",
      "finalValue": 514500,
      "unit": "ms",
      "min": 0.5547900000001391,
      "median": 0.7290509999997994,
      "p75": 0.8101639999999861,
      "p95": 0.8449140000002444,
      "max": 0.8449140000002444,