{
  "metadata": {
    "generatedAt": "2026-06-28T00:08:42.933Z",
    "node": "v22.23.0",
    "platform": "linux",
    "arch": "x64",
    "rounds": 10,
    "warmup": 5000,
    "counterIterations": 50000,
    "listSize": 1000,
    "listUpdates": 1000,
    "largeListSize": 10000,
    "largeListMoves": 100,
    "arraySize": 2000,
    "arrayMoves": 50
  },
  "results": [
    {
      "scenario": "derived-counter",
      "framework": "Ariana",
      "finalValue": 99998,
      "unit": "ms",
      "min": 4.4882559999999785,
      "median": 4.870503000000042,
      "p75": 7.257487000000026,
      "p95": 11.969691000000012,
      "max": 11.969691000000012,
      "runs": [
        11.969691000000012,
        4.5954380000000015,
        4.488766999999996,
        4.4882559999999785,
        4.804484000000002,
        4.870503000000042,
        4.897184000000038,
        6.494976000000008,
        7.355404000000021,
        7.257487000000026
      ]
    },
    {
      "scenario": "derived-counter",
      "framework": "Angular",
      "finalValue": 99998,
      "unit": "ms",
      "min": 2.8392470000000003,
      "median": 2.851834999999994,
      "p75": 2.8634030000000052,
      "p95": 14.519341000000054,
      "max": 14.519341000000054,
      "runs": [
        14.519341000000054,
        2.8999880000000076,
        2.856983000000014,
        2.850163000000009,
        2.851834999999994,
        2.8392470000000003,
        2.8526170000000093,
        2.8486499999999637,
        2.850133000000028,
        2.8634030000000052
      ]
    },
    {
      "scenario": "derived-counter",
      "framework": "React",
      "finalValue": 99998,
      "unit": "ms",
      "min": 49.89717100000007,
      "median": 50.158555999999976,
      "p75": 50.320010000000025,
      "p95": 107.36786699999999,
      "max": 107.36786699999999,
      "runs": [
        107.36786699999999,
        50.320010000000025,
        50.24233200000003,
        49.91418800000008,
        50.02237000000002,
        49.89717100000007,
        50.158555999999976,
        50.165276999999946,
        51.336565000000064,
        50.03257599999995
      ]
    },
    {
      "scenario": "derived-counter",
      "framework": "Vue",
      "finalValue": 99998,
      "unit": "ms",
      "min": 2.880448000000115,
      "median": 2.889061999999967,
      "p75": 3.0759840000000622,
      "p95": 12.572570999999925,
      "max": 12.572570999999925,
      "runs": [
        12.572570999999925,
        2.90663799999993,
        3.1711170000000948,
        2.8932680000000346,
        2.880448000000115,
        2.8842449999999644,
        2.882460999999921,
        2.889061999999967,
        2.881259999999884,
        3.0759840000000622
      ]
    },
    {
      "scenario": "derived-counter",
      "framework": "Svelte",
      "finalValue": 99998,
      "unit": "ms",
      "min": 9.499352000000044,
      "median": 9.734707000000071,
      "p75": 9.816519999999855,
      "p95": 18.988037000000077,
      "max": 18.988037000000077,
      "runs": [
        18.988037000000077,
        9.686433999999963,
        9.76266899999996,
        9.720195000000103,
        9.809529999999995,
        9.499352000000044,
        9.816519999999855,
        9.734707000000071,
        9.836671000000024,
        9.608044999999947
      ]
    },
    {
      "scenario": "derived-counter",
      "framework": "Solid",
      "finalValue": 99998,
      "unit": "ms",
      "min": 9.462807000000112,
      "median": 9.551240000000007,
      "p75": 9.719613999999865,
      "p95": 25.214596999999912,
      "max": 25.214596999999912,
      "runs": [
        25.214596999999912,
        9.546002000000044,
        9.598490999999967,
        9.504169000000047,
        9.719613999999865,
        9.462807000000112,
        9.473823000000039,
        9.720275000000129,
        9.551240000000007,
        9.656978999999865
      ]
    },
    {
      "scenario": "list-1000-update",
      "framework": "Ariana",
      "finalValue": 514500,
      "unit": "ms",
      "min": 3.573313999999982,
      "median": 3.6537359999999808,
      "p75": 3.8293009999999867,
      "p95": 3.931436000000076,
      "max": 3.931436000000076,
      "runs": [
        3.8350900000000365,
        3.5913319999999658,
        3.8293009999999867,
        3.5881469999999354,
        3.7672580000000835,
        3.573313999999982,
        3.931436000000076,
        3.6537359999999808,
        3.805314999999837,
        3.587756999999783
      ]
    },
    {
      "scenario": "list-1000-update",
      "framework": "Angular",
      "finalValue": 514500,
      "unit": "ms",
      "min": 3.7202870000000985,
      "median": 3.8440539999999146,
      "p75": 3.9686719999999696,
      "p95": 3.9963829999999234,
      "max": 3.9963829999999234,
      "runs": [
        3.8440539999999146,
        3.9963829999999234,
        3.7414790000000266,
        3.923913999999968,
        3.7380839999998443,
        3.8975540000001274,
        3.739845999999943,
        3.970935000000054,
        3.7202870000000985,
        3.9686719999999696
      ]
    },
    {
      "scenario": "list-1000-update",
      "framework": "React",
      "finalValue": 514500,
      "unit": "ms",
      "min": 3.182835999999952,
      "median": 3.3832680000000437,
      "p75": 3.482236999999941,
      "p95": 4.959927999999991,
      "max": 4.959927999999991,
      "runs": [
        3.6052729999998974,
        4.959927999999991,
        3.482236999999941,
        3.201072999999951,
        3.3832680000000437,
        3.182835999999952,
        3.420534000000089,
        3.1846579999998994,
        3.431480999999849,
        3.191278000000011
      ]
    },
    {
      "scenario": "list-1000-update",
      "framework": "Vue",
      "finalValue": 514500,
      "unit": "ms",
      "min": 43.17956000000004,
      "median": 53.9831099999999,
      "p75": 58.70445799999993,
      "p95": 59.46323400000006,
      "max": 59.46323400000006,
      "runs": [
        53.9831099999999,
        59.46323400000006,
        54.70559099999991,
        58.70445799999993,
        53.169081000000006,
        49.65842100000009,
        56.128889999999956,
        59.23214400000006,
        43.17956000000004,
        47.7334350000001
      ]
    },
    {
      "scenario": "list-1000-update",
      "framework": "Svelte",
      "finalValue": 514500,
      "unit": "ms",
      "min": 11.010331999999835,
      "median": 11.08782999999994,
      "p75": 11.24973399999999,
      "p95": 15.837279999999737,
      "max": 15.837279999999737,
      "runs": [
        15.837279999999737,
        11.08782999999994,
        11.069903000000068,
        11.226098000000093,
        11.044804999999997,
        11.279508999999962,
        11.041540000000168,
        11.24973399999999,
        11.010331999999835,
        11.216173000000254
      ]
    },
    {
      "scenario": "list-1000-update",
      "framework": "Solid",
      "finalValue": 514500,
      "unit": "ms",
      "min": 11.010123000000021,
      "median": 11.16030899999987,
      "p75": 11.257616000000326,
      "p95": 11.296635000000151,
      "max": 11.296635000000151,
      "runs": [
        11.229313000000275,
        11.061901000000034,
        11.207080000000133,
        11.011915000000045,
        11.257616000000326,
        11.010123000000021,
        11.269864000000325,
        11.01938599999994,
        11.296635000000151,
        11.16030899999987
      ]
    },
    {
      "scenario": "keyed-list-1000-update",
      "framework": "Ariana",
      "finalValue": 514500,
      "unit": "ms",
      "min": 0.5502599999999802,
      "median": 0.7116339999997763,
      "p75": 0.7817799999997987,
      "p95": 1.0742119999999886,
      "max": 1.0742119999999886,