{
  "metadata": {
    "generatedAt": "2026-06-28T05:39:12.722Z",
    "node": "v22.23.0",
    "platform": "linux",
    "arch": "x64",
    "rounds": 10,
    "warmup": 5000,
    "counterIterations": 50000,
    "listSize": 1000,
    "listUpdates": 1000,
    "largeListSize": 10000,
    "largeListMoves": 100,
    "arraySize": 2000,
    "arrayMoves": 50
  },
  "results": [
    {
      "scenario": "derived-counter",
      "framework": "Ariana",
      "finalValue": 99998,
      "unit": "ms",
      "min": 1.438903000000039,
      "median": 1.4465340000000424,
      "p75": 1.4538349999999696,
      "p95": 7.826600999999982,
      "max": 7.826600999999982,
      "runs": [
        7.826600999999982,
        1.77680399999997,
        1.449529000000041,
        1.4538349999999696,
        1.4419770000000085,
        1.4476159999999823,
        1.439183000000014,
        1.4398140000000126,
        1.4465340000000424,
        1.438903000000039
      ]
    },
    {
      "scenario": "derived-counter",
      "framework": "Angular",
      "finalValue": 99998,
      "unit": "ms",
      "min": 2.4226810000000114,
      "median": 2.4255959999999845,
      "p75": 2.4642220000000066,
      "p95": 14.520703000000026,
      "max": 14.520703000000026,
      "runs": [
        14.520703000000026,
        2.8007410000000164,
        2.425495000000012,
        2.435450000000003,
        2.4255959999999845,
        2.4642220000000066,
        2.4236720000000105,
        2.4374129999999923,
        2.424624000000051,
        2.4226810000000114
      ]
    },
    {
      "scenario": "derived-counter",
      "framework": "React",
      "finalValue": 99998,
      "unit": "ms",
      "min": 49.85301700000002,
      "median": 50.16164399999991,
      "p75": 50.32377399999996,
      "p95": 106.09905899999995,
      "max": 106.09905899999995,
      "runs": [
        106.09905899999995,
        50.16164399999991,
        50.12366799999995,
        49.85301700000002,
        50.033653999999956,
        50.32377399999996,
        50.54319900000007,
        50.32312300000001,
        50.14154399999995,
        50.23556400000007
      ]
    },
    {
      "scenario": "derived-counter",
      "framework": "Vue",
      "finalValue": 99998,
      "unit": "ms",
      "min": 2.7705869999999777,
      "median": 2.9102229999999736,
      "p75": 3.1535450000000083,
      "p95": 12.611984000000007,
      "max": 12.611984000000007,
      "runs": [
        12.611984000000007,
        2.906408000000056,
        3.1639599999999746,
        2.909693000000061,
        2.9078909999999496,
        2.915841999999998,
        2.9102229999999736,
        2.9170440000000326,
        3.1535450000000083,
        2.7705869999999777
      ]
    },
    {
      "scenario": "derived-counter",
      "framework": "Svelte",
      "finalValue": 99998,
      "unit": "ms",
      "min": 9.510316999999986,
      "median": 9.717104000000063,
      "p75": 9.82173899999998,
      "p95": 19.12895400000002,
      "max": 19.12895400000002,
      "runs": [
        19.12895400000002,
        9.824562999999898,
        9.82173899999998,
        9.72531600000002,
        9.69055400000002,
        9.592348000000129,
        9.717104000000063,
        9.735680999999886,
        9.658636999999999,
        9.510316999999986
      ]
    },
    {
      "scenario": "derived-counter",
      "framework": "Solid",
      "finalValue": 99998,
      "unit": "ms",
      "min": 9.613600000000133,
      "median": 9.650494999999864,
      "p75": 9.842730000000074,
      "p95": 25.86115300000006,
      "max": 25.86115300000006,
      "runs": [
        25.86115300000006,
        9.615782999999965,
        9.789019999999937,
        9.650494999999864,
        9.902017999999998,
        9.644426000000067,
        9.842730000000074,
        9.635663000000022,
        9.613600000000133,
        9.83762200000001
      ]
    },
    {
      "scenario": "list-1000-update",
      "framework": "Ariana",
      "finalValue": 514500,
      "unit": "ms",
      "min": 3.6086589999999887,
      "median": 3.811640000000125,
      "p75": 3.852971000000025,
      "p95": 4.0892019999998865,
      "max": 4.0892019999998865,
      "runs": [
        3.9286540000000514,
        3.612564999999904,
        3.852971000000025,
        3.811640000000125,
        3.818430000000035,
        3.6086589999999887,
        4.0892019999998865,
        3.6189939999999297,
        3.831820000000107,
        3.6170519999998305
      ]
    },
    {
      "scenario": "list-1000-update",
      "framework": "Angular",
      "finalValue": 514500,
      "unit": "ms",
      "min": 3.784779999999955,
      "median": 3.8572070000000167,
      "p75": 4.004266000000143,
      "p95": 4.042732999999998,
      "max": 4.042732999999998,
      "runs": [
        3.8572070000000167,
        4.042732999999998,
        3.800072999999884,
        4.004266000000143,
        3.784779999999955,
        3.965917999999874,
        3.79672800000003,
        3.9863390000000436,
        3.7849200000000565,
        4.004997000000003
      ]
    },
    {
      "scenario": "list-1000-update",
      "framework": "React",
      "finalValue": 514500,
      "unit": "ms",
      "min": 3.2288860000001023,
      "median": 3.3994789999999284,
      "p75": 3.5831309999998666,
      "p95": 4.702119000000039,
      "max": 4.702119000000039,
      "runs": [
        3.5831309999998666,
        3.5985940000000483,
        4.702119000000039,
        3.2511389999999665,
        3.4244760000001406,
        3.2745840000000044,
        3.3994789999999284,
        3.2288860000001023,
        3.4597380000000157,
        3.231019999999944
      ]
    },
    {
      "scenario": "list-1000-update",
      "framework": "Vue",
      "finalValue": 514500,
      "unit": "ms",
      "min": 43.189890000000105,
      "median": 46.90116100000023,
      "p75": 48.58310399999982,
      "p95": 55.11752000000001,
      "max": 55.11752000000001,
      "runs": [
        47.34143300000005,
        48.58310399999982,
        46.39843500000006,
        48.07608300000015,
        46.61392499999988,
        49.1644060000001,
        46.644109999999955,
        55.11752000000001,
        43.189890000000105,
        46.90116100000023
      ]
    },
    {
      "scenario": "list-1000-update",
      "framework": "Svelte",
      "finalValue": 514500,
      "unit": "ms",
      "min": 11.092773000000307,
      "median": 11.509701000000405,
      "p75": 11.696828000000096,
      "p95": 11.861703000000034,
      "max": 11.861703000000034,
      "runs": [
        11.560966000000008,
        11.861703000000034,
        11.537893000000167,
        11.696828000000096,
        11.509701000000405,
        11.71426399999973,
        11.488490000000183,
        11.490282000000207,
        11.092773000000307,
        11.247793000000001
      ]
    },
    {
      "scenario": "list-1000-update",
      "framework": "Solid",
      "finalValue": 514500,
      "unit": "ms",
      "min": 10.45735999999988,
      "median": 11.407729999999901,
      "p75": 11.610220000000027,
      "p95": 11.944405000000188,
      "max": 11.944405000000188,
      "runs": [
        11.610220000000027,
        11.509360000000015,
        11.367971000000125,
        11.194834000000355,
        11.592913999999837,
        11.407729999999901,
        11.275885000000017,
        11.944405000000188,
        11.898487000000387,
        10.45735999999988
      ]
    },
    {
      "scenario": "keyed-list-1000-update",
      "framework": "Ariana",
      "finalValue": 514500,
      "unit": "ms",
      "min": 0.5970550000001822,
      "median": 0.7233129999999619,
      "p75": 0.8526439999996,
      "p95": 0.9420159999999669,
      "max": 0.9420159999999669,