{
  "metadata": {
    "generatedAt": "2026-06-28T00:01:13.250Z",
    "node": "v22.23.0",
    "platform": "linux",
    "arch": "x64",
    "rounds": 10,
    "warmup": 5000,
    "counterIterations": 50000,
    "listSize": 1000,
    "listUpdates": 1000,
    "largeListSize": 10000,
    "largeListMoves": 100,
    "arraySize": 2000,
    "arrayMoves": 50
  },
  "results": [
    {
      "scenario": "derived-counter",
      "framework": "Ariana",
      "finalValue": 99998,
      "unit": "ms",
      "min": 7.05170499999997,
      "median": 7.449549999999988,
      "p75": 9.326184000000012,
      "p95": 16.931715999999994,
      "max": 16.931715999999994,
      "runs": [
        16.931715999999994,
        7.05170499999997,
        9.513005000000021,
        9.326184000000012,
        7.449549999999988,
        7.373508000000015,
        7.543615999999986,
        7.363939999999957,
        7.362707999999998,
        7.589022
      ]
    },
    {
      "scenario": "derived-counter",
      "framework": "Angular",
      "finalValue": 99998,
      "unit": "ms",
      "min": 3.0769219999999677,
      "median": 3.0820710000000417,
      "p75": 3.1376960000000054,
      "p95": 16.066637000000014,
      "max": 16.066637000000014,
      "runs": [
        16.066637000000014,
        3.537193000000002,
        3.1376960000000054,
        3.077734000000021,
        3.080988999999988,
        3.0820710000000417,
        3.0784850000000006,
        3.083614999999952,
        3.0769219999999677,
        3.086569999999938
      ]
    },
    {
      "scenario": "derived-counter",
      "framework": "React",
      "finalValue": 99998,
      "unit": "ms",
      "min": 54.34296399999994,
      "median": 54.94907699999999,
      "p75": 55.40935999999999,
      "p95": 105.67511200000001,
      "max": 105.67511200000001,
      "runs": [
        105.67511200000001,
        55.40935999999999,
        54.34296399999994,
        54.72966500000007,
        54.97117800000001,
        54.758650999999986,
        54.71878599999991,
        54.94907699999999,
        55.157506999999896,
        61.05360399999995
      ]
    },
    {
      "scenario": "derived-counter",
      "framework": "Vue",
      "finalValue": 99998,
      "unit": "ms",
      "min": 2.9326240000000325,
      "median": 2.9723189999999704,
      "p75": 3.1595089999998436,
      "p95": 14.294484000000011,
      "max": 14.294484000000011,
      "runs": [
        14.294484000000011,
        3.1595089999998436,
        2.9723189999999704,
        3.0049300000000585,
        3.7274010000001,
        3.0258890000000065,
        2.9525619999999435,
        2.9343979999998737,
        2.9326240000000325,
        2.938175000000001
      ]
    },
    {
      "scenario": "derived-counter",
      "framework": "Svelte",
      "finalValue": 99998,
      "unit": "ms",
      "min": 10.623558000000003,
      "median": 10.795819999999821,
      "p75": 10.83134700000005,
      "p95": 21.322427999999945,
      "max": 21.322427999999945,
      "runs": [
        21.322427999999945,
        10.821618999999828,
        10.795819999999821,
        10.632714999999962,
        10.824994999999944,
        10.834713999999849,
        10.711432999999943,
        10.83134700000005,
        10.623558000000003,
        10.744093999999905
      ]
    },
    {
      "scenario": "derived-counter",
      "framework": "Solid",
      "finalValue": 99998,
      "unit": "ms",
      "min": 12.510627999999997,
      "median": 12.606857999999875,
      "p75": 12.71249499999999,
      "p95": 30.15887399999997,
      "max": 30.15887399999997,
      "runs": [
        30.15887399999997,
        12.606857999999875,
        12.84403199999997,
        12.510627999999997,
        12.604583000000048,
        12.664436000000023,
        12.52203899999995,
        12.706323999999995,
        12.533220000000028,
        12.71249499999999
      ]
    },
    {
      "scenario": "list-1000-update",
      "framework": "Ariana",
      "finalValue": 514500,
      "unit": "ms",
      "min": 3.315601000000015,
      "median": 3.357719999999972,
      "p75": 3.617295000000013,
      "p95": 3.632814000000053,
      "max": 3.632814000000053,
      "runs": [
        3.632814000000053,
        3.3508469999999306,
        3.617295000000013,
        3.357719999999972,
        3.6004840000000513,
        3.315601000000015,
        3.611124000000018,
        3.353131000000076,
        3.623295999999982,
        3.3349869999999555
      ]
    },
    {
      "scenario": "list-1000-update",
      "framework": "Angular",
      "finalValue": 514500,
      "unit": "ms",
      "min": 3.6120160000000396,
      "median": 3.7008820000000924,
      "p75": 3.8141229999998814,
      "p95": 3.8962260000000697,
      "max": 3.8962260000000697,
      "runs": [
        3.7008820000000924,
        3.8962260000000697,
        3.6343269999999848,
        3.8141229999998814,
        3.641691000000037,
        3.8494590000000244,
        3.6120160000000396,
        3.797051999999894,
        3.624698999999964,
        3.7897080000000187
      ]
    },
    {
      "scenario": "list-1000-update",
      "framework": "React",
      "finalValue": 514500,
      "unit": "ms",
      "min": 2.949155000000019,
      "median": 3.1414850000001024,
      "p75": 3.45871800000009,
      "p95": 4.435435000000098,
      "max": 4.435435000000098,
      "runs": [
        3.553045000000111,
        3.45871800000009,
        4.435435000000098,
        2.96856200000002,
        3.1414850000001024,
        2.949155000000019,
        3.157756000000063,
        2.9927480000001196,
        3.1699389999998857,
        2.976405999999997
      ]
    },
    {
      "scenario": "list-1000-update",
      "framework": "Vue",
      "finalValue": 514500,
      "unit": "ms",
      "min": 41.91345799999999,
      "median": 45.58739999999989,
      "p75": 46.62574100000006,
      "p95": 54.00295700000015,
      "max": 54.00295700000015,
      "runs": [
        46.62574100000006,
        45.71417500000007,
        45.58739999999989,
        45.35532399999988,
        45.31087200000002,
        46.67910000000029,
        45.361765000000105,
        54.00295700000015,
        41.91345799999999,
        45.98268800000005
      ]
    },
    {
      "scenario": "list-1000-update",
      "framework": "Svelte",
      "finalValue": 514500,
      "unit": "ms",
      "min": 9.813302999999905,
      "median": 10.429194999999709,
      "p75": 10.573594999999841,
      "p95": 10.596237000000201,
      "max": 10.596237000000201,
      "runs": [
        10.048102000000199,
        9.813302999999905,
        10.2460030000002,
        10.464991000000282,
        10.578273999999965,
        10.141617000000224,
        10.573594999999841,
        10.429194999999709,
        10.596237000000201,
        10.50441600000022
      ]
    },
    {
      "scenario": "list-1000-update",
      "framework": "Solid",
      "finalValue": 514500,
      "unit": "ms",
      "min": 9.869258000000173,
      "median": 10.460775000000012,
      "p75": 10.59080700000004,
      "p95": 10.633808000000045,
      "max": 10.633808000000045,
      "runs": [
        9.869258000000173,
        10.629259000000275,
        10.434384000000136,
        10.59080700000004,
        10.460775000000012,
        10.572362999999768,
        10.412865000000238,
        10.633808000000045,
        10.436689000000115,
        10.464390000000094
      ]
    },
    {
      "scenario": "keyed-list-1000-update",
      "framework": "Ariana",
      "finalValue": 514500,
      "unit": "ms",
      "min": 0.4662020000000666,
      "median": 0.6551349999999729,
      "p75": 0.9224050000002535,
      "p95": 1.146975999999995,
      "max": 1.146975999999995,