{
  "metadata": {
    "generatedAt": "2026-06-28T05:36:51.958Z",
    "node": "v22.23.0",
    "platform": "linux",
    "arch": "x64",
    "rounds": 10,
    "warmup": 5000,
    "counterIterations": 50000,
    "listSize": 1000,
    "listUpdates": 1000,
    "largeListSize": 10000,
    "largeListMoves": 100,
    "arraySize": 2000,
    "arrayMoves": 50
  },
  "results": [
    {
      "scenario": "derived-counter",
      "framework": "Ariana",
      "finalValue": 99998,
      "unit": "ms",
      "min": 1.3807059999999751,
      "median": 1.384253000000001,
      "p75": 1.4242470000000367,
      "p95": 9.071533999999986,
      "max": 9.071533999999986,
      "runs": [
        9.071533999999986,
        2.086121999999989,
        1.3944419999999695,
        1.382208999999989,
        1.395763000000045,
        1.3807059999999751,
        1.384253000000001,
        1.4242470000000367,
        1.3816080000000284,
        1.3825090000000273
      ]
    },
    {
      "scenario": "derived-counter",
      "framework": "Angular",
      "finalValue": 99998,
      "unit": "ms",
      "min": 2.375111000000004,
      "median": 2.378818000000024,
      "p75": 2.3864319999999566,
      "p95": 13.316272000000026,
      "max": 13.316272000000026,
      "runs": [
        13.316272000000026,
        2.7965770000000134,
        2.3763329999999883,
        2.3864319999999566,
        2.375390999999979,
        2.3767439999999738,
        2.3849400000000287,
        2.378818000000024,
        2.3841579999999567,
        2.375111000000004
      ]
    },
    {
      "scenario": "derived-counter",
      "framework": "React",
      "finalValue": 99998,
      "unit": "ms",
      "min": 55.195990999999935,
      "median": 55.60956199999998,
      "p75": 55.82229899999993,
      "p95": 109.10701399999999,
      "max": 109.10701399999999,
      "runs": [
        109.10701399999999,
        55.195990999999935,
        55.32498099999998,
        55.89228000000003,
        55.71763299999998,
        55.59548500000005,
        55.82229899999993,
        55.60956199999998,
        55.54337500000008,
        55.78423799999996
      ]
    },
    {
      "scenario": "derived-counter",
      "framework": "Vue",
      "finalValue": 99998,
      "unit": "ms",
      "min": 2.9099589999998443,
      "median": 2.9216100000001006,
      "p75": 2.9264689999999973,
      "p95": 14.751650000000154,
      "max": 14.751650000000154,
      "runs": [
        14.751650000000154,
        2.9216100000001006,
        2.9155889999999545,
        3.1485540000001038,
        2.920798999999988,
        2.9099589999998443,
        2.9260380000000623,
        2.9215599999999995,
        2.9231029999998555,
        2.9264689999999973
      ]
    },
    {
      "scenario": "derived-counter",
      "framework": "Svelte",
      "finalValue": 99998,
      "unit": "ms",
      "min": 9.816012,
      "median": 10.00935299999992,
      "p75": 10.036413999999922,
      "p95": 21.839202000000114,
      "max": 21.839202000000114,
      "runs": [
        21.839202000000114,
        10.0773200000001,
        10.00935299999992,
        10.036413999999922,
        9.816012,
        10.015604999999823,
        10.027618000000075,
        9.983204999999998,
        9.822624000000133,
        9.973375999999917
      ]
    },
    {
      "scenario": "derived-counter",
      "framework": "Solid",
      "finalValue": 99998,
      "unit": "ms",
      "min": 12.576542000000018,
      "median": 12.743563999999878,
      "p75": 12.916646999999784,
      "p95": 30.216971000000058,
      "max": 30.216971000000058,
      "runs": [
        30.216971000000058,
        12.618279999999913,
        12.743563999999878,
        12.576542000000018,
        12.675145999999813,
        13.16692399999988,
        12.751798999999892,
        12.916646999999784,
        12.662964000000102,
        12.899514999999838
      ]
    },
    {
      "scenario": "list-1000-update",
      "framework": "Ariana",
      "finalValue": 514500,
      "unit": "ms",
      "min": 3.300668000000087,
      "median": 3.406775999999809,
      "p75": 3.541296999999986,
      "p95": 3.5547509999998965,
      "max": 3.5547509999998965,
      "runs": [
        3.5547509999998965,
        3.312740000000076,
        3.522532000000183,
        3.3528049999999894,
        3.5426789999999073,
        3.300668000000087,
        3.49126299999989,
        3.406775999999809,
        3.541296999999986,
        3.3040239999997993
      ]
    },
    {
      "scenario": "list-1000-update",
      "framework": "Angular",
      "finalValue": 514500,
      "unit": "ms",
      "min": 3.581711999999925,
      "median": 3.8010810000000674,
      "p75": 3.8572659999999814,
      "p95": 5.160967999999912,
      "max": 5.160967999999912,
      "runs": [
        4.870677000000114,
        3.8572659999999814,
        3.581711999999925,
        5.160967999999912,
        3.8010810000000674,
        3.771927000000005,
        3.60039699999993,
        3.8063509999999496,
        3.583454999999958,
        3.812061999999969
      ]
    },
    {
      "scenario": "list-1000-update",
      "framework": "React",
      "finalValue": 514500,
      "unit": "ms",
      "min": 2.9409160000000156,
      "median": 3.1370529999999235,
      "p75": 3.196512999999868,
      "p95": 4.859535000000051,
      "max": 4.859535000000051,
      "runs": [
        3.480822999999873,
        4.859535000000051,
        3.196512999999868,
        2.9485799999999927,
        3.1560779999999795,
        2.9409160000000156,
        3.1494250000000648,
        2.94112599999994,
        3.1370529999999235,
        2.9490220000000136
      ]
    },
    {
      "scenario": "list-1000-update",
      "framework": "Vue",
      "finalValue": 514500,
      "unit": "ms",
      "min": 41.99409199999991,
      "median": 45.42680599999994,
      "p75": 46.174203000000034,
      "p95": 53.12893500000018,
      "max": 53.12893500000018,
      "runs": [
        46.174203000000034,
        45.22255200000018,
        45.73183400000016,
        47.43445100000008,
        45.21175999999991,
        45.95475099999999,
        45.42680599999994,
        53.12893500000018,
        41.99409199999991,
        45.25374299999976
      ]
    },
    {
      "scenario": "list-1000-update",
      "framework": "Svelte",
      "finalValue": 514500,
      "unit": "ms",
      "min": 9.752574999999979,
      "median": 9.852175999999872,
      "p75": 10.002988000000187,
      "p95": 10.057588000000123,
      "max": 10.057588000000123,
      "runs": [
        10.036307999999735,
        9.813216000000011,
        9.978033999999752,
        9.776538999999957,
        9.937049000000115,
        9.79808899999989,
        10.002988000000187,
        9.752574999999979,
        10.057588000000123,
        9.852175999999872
      ]
    },
    {
      "scenario": "list-1000-update",
      "framework": "Solid",
      "finalValue": 514500,
      "unit": "ms",
      "min": 9.739022000000205,
      "median": 9.864819000000352,
      "p75": 9.957456000000093,
      "p95": 10.000404000000344,
      "max": 10.000404000000344,
      "runs": [
        9.776409000000058,
        10.000404000000344,
        9.795552999999927,
        9.953389000000243,
        9.739022000000205,
        9.957456000000093,
        9.779904999999872,
        9.972823999999946,
        9.864819000000352,
        9.907195999999658
      ]
    },
    {
      "scenario": "keyed-list-1000-update",
      "framework": "Ariana",
      "finalValue": 514500,
      "unit": "ms",
      "min": 0.4742260000002716,
      "median": 0.5821620000001531,
      "p75": 0.6601839999998447,
      "p95": 0.7429119999997056,
      "max": 0.7429119999997056,