{
  "metadata": {
    "generatedAt": "2026-06-27T23:41:45.616Z",
    "node": "v22.23.0",
    "platform": "linux",
    "arch": "x64",
    "rounds": 10,
    "warmup": 5000,
    "counterIterations": 50000,
    "listSize": 1000,
    "listUpdates": 1000,
    "largeListSize": 10000,
    "largeListMoves": 100,
    "arraySize": 2000,
    "arrayMoves": 50
  },
  "results": [
    {
      "scenario": "derived-counter",
      "framework": "Ariana",
      "finalValue": 99998,
      "unit": "ms",
      "min": 22.786493000000007,
      "median": 23.102963999999986,
      "p75": 23.29621899999995,
      "p95": 38.71230400000002,
      "max": 38.71230400000002,
      "runs": [
        38.71230400000002,
        23.102963999999986,
        23.42668100000003,
        22.786493000000007,
        23.175168999999983,
        23.08955400000002,
        23.04631999999998,
        23.074797999999987,
        23.29621899999995,
        23.13046799999995
      ]
    },
    {
      "scenario": "derived-counter",
      "framework": "Angular",
      "finalValue": 99998,
      "unit": "ms",
      "min": 2.7504599999999755,
      "median": 2.7861239999999725,
      "p75": 2.8056360000000495,
      "p95": 15.506606999999917,
      "max": 15.506606999999917,
      "runs": [
        15.506606999999917,
        2.7504599999999755,
        2.813720999999987,
        2.7861239999999725,
        2.8056360000000495,
        2.7657179999999926,
        2.8016280000000506,
        2.7918580000000475,
        2.7512100000000146,
        2.7652879999999413
      ]
    },
    {
      "scenario": "derived-counter",
      "framework": "React",
      "finalValue": 99998,
      "unit": "ms",
      "min": 53.77498200000002,
      "median": 54.79249600000003,
      "p75": 55.59292299999993,
      "p95": 104.13833699999998,
      "max": 104.13833699999998,
      "runs": [
        104.13833699999998,
        54.60582199999999,
        54.00961799999993,
        53.97721799999999,
        53.77498200000002,
        54.79249600000003,
        55.59292299999993,
        55.10527999999999,
        55.101920000000064,
        55.94881499999997
      ]
    },
    {
      "scenario": "derived-counter",
      "framework": "Vue",
      "finalValue": 99998,
      "unit": "ms",
      "min": 2.926091000000042,
      "median": 3.127523999999994,
      "p75": 3.3869740000000093,
      "p95": 15.211234999999988,
      "max": 15.211234999999988,
      "runs": [
        15.211234999999988,
        3.0201140000001487,
        3.127523999999994,
        3.5402599999999893,
        2.982874000000038,
        2.926091000000042,
        3.3869740000000093,
        3.1729210000000876,
        2.97123600000009,
        3.1682610000000295
      ]
    },
    {
      "scenario": "derived-counter",
      "framework": "Svelte",
      "finalValue": 99998,
      "unit": "ms",
      "min": 11.632916999999907,
      "median": 12.899795999999924,
      "p75": 13.439830000000029,
      "p95": 24.466242000000193,
      "max": 24.466242000000193,
      "runs": [
        24.466242000000193,
        13.043167999999923,
        15.200477000000092,
        13.439830000000029,
        12.899795999999924,
        13.022245000000112,
        11.632916999999907,
        11.806539000000157,
        12.207940999999892,
        11.845352000000048
      ]
    },
    {
      "scenario": "derived-counter",
      "framework": "Solid",
      "finalValue": 99998,
      "unit": "ms",
      "min": 12.120672000000013,
      "median": 12.330189000000018,
      "p75": 12.636956999999938,
      "p95": 28.36575099999982,
      "max": 28.36575099999982,
      "runs": [
        28.36575099999982,
        12.636956999999938,
        12.582799000000023,
        12.438480000000027,
        12.120672000000013,
        12.330189000000018,
        12.16258199999993,
        13.158890999999812,
        12.297250000000076,
        12.148864999999887
      ]
    },
    {
      "scenario": "list-1000-update",
      "framework": "Ariana",
      "finalValue": 514500,
      "unit": "ms",
      "min": 3.585068000000092,
      "median": 3.776010999999926,
      "p75": 3.8935599999999795,
      "p95": 4.181581999999935,
      "max": 4.181581999999935,
      "runs": [
        4.015822000000071,
        3.867138000000068,
        3.6757769999999255,
        3.8935599999999795,
        3.5852310000000216,
        3.776010999999926,
        3.8436119999998937,
        4.181581999999935,
        3.585068000000092,
        3.7469049999999697
      ]
    },
    {
      "scenario": "list-1000-update",
      "framework": "Angular",
      "finalValue": 514500,
      "unit": "ms",
      "min": 3.9864520000000994,
      "median": 4.1913219999999,
      "p75": 4.269241000000193,
      "p95": 4.749687999999878,
      "max": 4.749687999999878,
      "runs": [
        4.749687999999878,
        4.269241000000193,
        4.353579999999965,
        4.0338879999999335,
        4.1913219999999,
        3.9864520000000994,
        4.213007999999945,
        3.9987489999998616,
        4.255777999999964,
        4.0590290000000095
      ]
    },
    {
      "scenario": "list-1000-update",
      "framework": "React",
      "finalValue": 514500,
      "unit": "ms",
      "min": 3.1394239999999627,
      "median": 3.432307000000037,
      "p75": 3.5656369999999242,
      "p95": 3.862225999999964,
      "max": 3.862225999999964,
      "runs": [
        3.454657999999881,
        3.862225999999964,
        3.7255770000001576,
        3.4770270000001346,
        3.2178509999998823,
        3.432307000000037,
        3.1867299999998977,
        3.3809949999999844,
        3.1394239999999627,
        3.5656369999999242
      ]
    },
    {
      "scenario": "list-1000-update",
      "framework": "Vue",
      "finalValue": 514500,
      "unit": "ms",
      "min": 40.851780999999846,
      "median": 42.81343500000003,
      "p75": 49.51016499999969,
      "p95": 57.32395499999984,
      "max": 57.32395499999984,
      "runs": [
        50.293589999999995,
        40.851780999999846,
        48.80813799999987,
        41.290864000000056,
        49.51016499999969,
        42.81343500000003,
        57.32395499999984,
        41.30372100000022,
        45.282488999999714,
        41.257218000000194
      ]
    },
    {
      "scenario": "list-1000-update",
      "framework": "Svelte",
      "finalValue": 514500,
      "unit": "ms",
      "min": 9.58029899999974,
      "median": 9.921891999999843,
      "p75": 10.607383000000027,
      "p95": 10.756322000000182,
      "max": 10.756322000000182,
      "runs": [
        10.452801999999792,
        9.58029899999974,
        10.69765499999994,
        9.77570999999989,
        10.756322000000182,
        9.694066999999905,
        9.921891999999843,
        10.607383000000027,
        9.904512000000068,
        9.958378999999695
      ]
    },
    {
      "scenario": "list-1000-update",
      "framework": "Solid",
      "finalValue": 514500,
      "unit": "ms",
      "min": 9.704921000000013,
      "median": 10.12502399999994,
      "p75": 10.461601999999857,
      "p95": 10.780763000000206,
      "max": 10.780763000000206,
      "runs": [
        10.746318999999858,
        10.050825999999688,
        10.284422000000177,
        10.461601999999857,
        9.884831999999733,
        10.780763000000206,
        9.704921000000013,
        10.12502399999994,
        10.412777000000006,
        10.037328000000343
      ]
    },
    {
      "scenario": "keyed-list-1000-update",
      "framework": "Ariana",
      "finalValue": 514500,
      "unit": "ms",
      "min": 0.5246010000000751,
      "median": 0.7551360000002205,
      "p75": 0.8561319999998886,
      "p95": 1.1402230000003328,
      "max": 1.1402230000003328,