{
  "metadata": {
    "generatedAt": "2026-06-27T23:51:52.411Z",
    "node": "v22.23.0",
    "platform": "linux",
    "arch": "x64",
    "rounds": 10,
    "warmup": 5000,
    "counterIterations": 50000,
    "listSize": 1000,
    "listUpdates": 1000,
    "largeListSize": 10000,
    "largeListMoves": 100,
    "arraySize": 2000,
    "arrayMoves": 50
  },
  "results": [
    {
      "scenario": "derived-counter",
      "framework": "Ariana",
      "finalValue": 99998,
      "unit": "ms",
      "min": 9.59049200000004,
      "median": 9.737514000000033,
      "p75": 9.854321000000027,
      "p95": 23.123289,
      "max": 23.123289,
      "runs": [
        23.123289,
        10.056104000000005,
        9.59049200000004,
        9.781610999999998,
        9.737514000000033,
        9.732146,
        9.610382000000016,
        9.755942000000005,
        9.854321000000027,
        9.667358000000036
      ]
    },
    {
      "scenario": "derived-counter",
      "framework": "Angular",
      "finalValue": 99998,
      "unit": "ms",
      "min": 2.4625540000000115,
      "median": 2.469584999999995,
      "p75": 2.47130599999997,
      "p95": 11.922838999999954,
      "max": 11.922838999999954,
      "runs": [
        11.922838999999954,
        2.5047569999999837,
        2.4648369999999886,
        2.469584999999995,
        2.4628139999999803,
        2.4710159999999632,
        2.4625540000000115,
        2.470895999999982,
        2.463464999999985,
        2.47130599999997
      ]
    },
    {
      "scenario": "derived-counter",
      "framework": "React",
      "finalValue": 99998,
      "unit": "ms",
      "min": 38.85767700000008,
      "median": 39.09264099999996,
      "p75": 39.71617100000003,
      "p95": 78.92627900000002,
      "max": 78.92627900000002,
      "runs": [
        78.92627900000002,
        44.366183000000035,
        39.71617100000003,
        39.10994699999992,
        38.97995100000003,
        39.09264099999996,
        39.090987999999925,
        38.85767700000008,
        39.12681299999997,
        39.011888
      ]
    },
    {
      "scenario": "derived-counter",
      "framework": "Vue",
      "finalValue": 99998,
      "unit": "ms",
      "min": 2.159966999999938,
      "median": 2.2453160000000025,
      "p75": 2.616775999999959,
      "p95": 11.302403000000027,
      "max": 11.302403000000027,
      "runs": [
        11.302403000000027,
        2.2453160000000025,
        2.2306639999999334,
        2.2703539999999975,
        2.616775999999959,
        2.237604000000033,
        2.5593390000000227,
        2.159966999999938,
        2.160046999999963,
        2.948225999999977
      ]
    },
    {
      "scenario": "derived-counter",
      "framework": "Svelte",
      "finalValue": 99998,
      "unit": "ms",
      "min": 7.402463000000012,
      "median": 7.5937020000000075,
      "p75": 7.647453000000041,
      "p95": 16.774015000000077,
      "max": 16.774015000000077,
      "runs": [
        16.774015000000077,
        7.571707999999944,
        7.402463000000012,
        7.647453000000041,
        7.647462000000019,
        7.595794000000069,
        7.403053999999997,
        7.594993000000045,
        7.5937020000000075,
        7.572069000000056
      ]
    },
    {
      "scenario": "derived-counter",
      "framework": "Solid",
      "finalValue": 99998,
      "unit": "ms",
      "min": 7.957790000000159,
      "median": 8.01831100000004,
      "p75": 8.16512200000011,
      "p95": 20.442998000000102,
      "max": 20.442998000000102,
      "runs": [
        20.442998000000102,
        8.36212999999998,
        8.01831100000004,
        8.13787200000013,
        8.003318000000036,
        7.957790000000159,
        8.16512200000011,
        7.972181999999975,
        8.113906000000043,
        7.987423999999919
      ]
    },
    {
      "scenario": "list-1000-update",
      "framework": "Ariana",
      "finalValue": 514500,
      "unit": "ms",
      "min": 2.7315090000001874,
      "median": 2.7637979999999516,
      "p75": 2.9040489999999863,
      "p95": 3.0350069999999505,
      "max": 3.0350069999999505,
      "runs": [
        2.7585300000000643,
        2.9362579999999525,
        2.7637979999999516,
        3.0350069999999505,
        2.7315090000001874,
        2.9040489999999863,
        2.7579390000000785,
        2.8839590000000044,
        2.734283000000005,
        2.897279000000026
      ]
    },
    {
      "scenario": "list-1000-update",
      "framework": "Angular",
      "finalValue": 514500,
      "unit": "ms",
      "min": 2.9737139999999727,
      "median": 3.007425000000012,
      "p75": 3.141738000000032,
      "p95": 4.137789999999995,
      "max": 4.137789999999995,
      "runs": [
        4.137789999999995,
        2.9737139999999727,
        3.1352979999999206,
        3.007425000000012,
        3.132122999999865,
        2.976597999999967,
        3.141738000000032,
        2.9881960000000163,
        3.1820979999999963,
        2.9964879999999994
      ]
    },
    {
      "scenario": "list-1000-update",
      "framework": "React",
      "finalValue": 514500,
      "unit": "ms",
      "min": 2.5852179999999407,
      "median": 2.7750939999998536,
      "p75": 2.8087450000000445,
      "p95": 4.357420000000047,
      "max": 4.357420000000047,
      "runs": [
        2.7765269999999873,
        4.357420000000047,
        3.568941999999879,
        2.8087450000000445,
        2.612920000000031,
        2.7750939999998536,
        2.598899000000074,
        2.804979000000003,
        2.5852179999999407,
        2.7426759999998467
      ]
    },
    {
      "scenario": "list-1000-update",
      "framework": "Vue",
      "finalValue": 514500,
      "unit": "ms",
      "min": 33.877447000000075,
      "median": 34.72436300000004,
      "p75": 40.59235199999989,
      "p95": 47.35277700000006,
      "max": 47.35277700000006,
      "runs": [
        41.51533900000004,
        34.297939999999926,
        40.134922999999844,
        34.22143499999993,
        40.59235199999989,
        34.72436300000004,
        47.35277700000006,
        33.877447000000075,
        36.834526000000096,
        33.91690500000004
      ]
    },
    {
      "scenario": "list-1000-update",
      "framework": "Svelte",
      "finalValue": 514500,
      "unit": "ms",
      "min": 8.682512999999972,
      "median": 8.851828999999952,
      "p75": 9.030367999999953,
      "p95": 9.122075999999879,
      "max": 9.122075999999879,
      "runs": [
        9.122075999999879,
        8.851828999999952,
        9.120953999999983,
        8.783656000000065,
        9.030367999999953,
        8.774882000000161,
        8.987453000000187,
        8.682512999999972,
        8.919340000000147,
        8.766769999999951
      ]
    },
    {
      "scenario": "list-1000-update",
      "framework": "Solid",
      "finalValue": 514500,
      "unit": "ms",
      "min": 8.711716999999908,
      "median": 8.775663000000122,
      "p75": 8.989665999999943,
      "p95": 9.011159000000134,
      "max": 9.011159000000134,
      "runs": [
        8.71762600000011,
        8.953572000000122,
        8.775663000000122,
        8.929475000000139,
        8.711716999999908,
        9.011159000000134,
        8.769934999999805,
        9.004247999999734,
        8.752478999999767,
        8.989665999999943
      ]
    },
    {
      "scenario": "keyed-list-1000-update",
      "framework": "Ariana",
      "finalValue": 514500,
      "unit": "ms",
      "min": 0.5000749999999243,
      "median": 0.7284890000000814,
      "p75": 0.9367379999998775,
      "p95": 1.0837639999999737,
      "max": 1.0837639999999737,