{
  "metadata": {
    "generatedAt": "2026-06-28T05:26:01.447Z",
    "node": "v22.23.0",
    "platform": "linux",
    "arch": "x64",
    "rounds": 10,
    "warmup": 5000,
    "counterIterations": 50000,
    "listSize": 1000,
    "listUpdates": 1000,
    "largeListSize": 10000,
    "largeListMoves": 100,
    "arraySize": 2000,
    "arrayMoves": 50
  },
  "results": [
    {
      "scenario": "derived-counter",
      "framework": "Ariana",
      "finalValue": 99998,
      "unit": "ms",
      "min": 1.457221000000004,
      "median": 1.46342199999998,
      "p75": 1.4685409999999592,
      "p95": 9.30595199999999,
      "max": 9.30595199999999,
      "runs": [
        9.30595199999999,
        1.46342199999998,
        1.4662369999999783,
        1.4624299999999835,
        1.4725690000000213,
        1.4624600000000214,
        1.4659070000000156,
        1.457221000000004,
        1.4580420000000345,
        1.4685409999999592
      ]
    },
    {
      "scenario": "derived-counter",
      "framework": "Angular",
      "finalValue": 99998,
      "unit": "ms",
      "min": 2.3973150000000487,
      "median": 2.4053799999999796,
      "p75": 2.4243060000000014,
      "p95": 18.929277000000013,
      "max": 18.929277000000013,
      "runs": [
        18.929277000000013,
        2.7610440000000267,
        2.4243060000000014,
        2.4114420000000223,
        2.3973150000000487,
        2.4053799999999796,
        2.401252999999997,
        2.4001200000000154,
        2.406462000000033,
        2.3979459999999904
      ]
    },
    {
      "scenario": "derived-counter",
      "framework": "React",
      "finalValue": 99998,
      "unit": "ms",
      "min": 55.37951099999998,
      "median": 55.513710999999944,
      "p75": 55.985271999999895,
      "p95": 124.65141100000005,
      "max": 124.65141100000005,
      "runs": [
        124.65141100000005,
        55.490647999999965,
        55.513710999999944,
        56.775716999999986,
        55.445483999999965,
        55.37951099999998,
        55.74963200000002,
        55.45959099999993,
        55.53862800000002,
        55.985271999999895
      ]
    },
    {
      "scenario": "derived-counter",
      "framework": "Vue",
      "finalValue": 99998,
      "unit": "ms",
      "min": 2.929147999999941,
      "median": 2.940809000000172,
      "p75": 3.1185619999998835,
      "p95": 16.45135099999993,
      "max": 16.45135099999993,
      "runs": [
        16.45135099999993,
        3.1185619999998835,
        2.9338860000000295,
        2.9346579999998994,
        3.1509620000001632,
        2.9583829999999125,
        2.929147999999941,
        2.940809000000172,
        2.932073000000173,
        2.941822000000002
      ]
    },
    {
      "scenario": "derived-counter",
      "framework": "Svelte",
      "finalValue": 99998,
      "unit": "ms",
      "min": 9.692123000000038,
      "median": 9.836882999999943,
      "p75": 9.883940999999822,
      "p95": 24.001245000000154,
      "max": 24.001245000000154,
      "runs": [
        24.001245000000154,
        9.930508000000145,
        9.87478400000009,
        9.692123000000038,
        9.883940999999822,
        9.84668099999999,
        9.82917899999984,
        9.833416999999827,
        9.73507299999983,
        9.836882999999943
      ]
    },
    {
      "scenario": "derived-counter",
      "framework": "Solid",
      "finalValue": 99998,
      "unit": "ms",
      "min": 11.599594000000025,
      "median": 11.699749999999995,
      "p75": 11.872172999999975,
      "p95": 35.46314200000006,
      "max": 35.46314200000006,
      "runs": [
        35.46314200000006,
        11.699749999999995,
        11.872172999999975,
        11.604182000000037,
        11.619080999999824,
        11.895496000000094,
        11.599594000000025,
        11.83454299999994,
        11.634808999999905,
        11.829703999999992
      ]
    },
    {
      "scenario": "list-1000-update",
      "framework": "Ariana",
      "finalValue": 514500,
      "unit": "ms",
      "min": 3.3211700000001656,
      "median": 3.505042999999887,
      "p75": 3.5601460000000316,
      "p95": 3.5942589999999655,
      "max": 3.5942589999999655,
      "runs": [
        3.5710169999999835,
        3.365884000000051,
        3.5942589999999655,
        3.505042999999887,
        3.5347280000000865,
        3.3211700000001656,
        3.5601460000000316,
        3.351667000000134,
        3.5204720000001544,
        3.3264890000000378
      ]
    },
    {
      "scenario": "list-1000-update",
      "framework": "Angular",
      "finalValue": 514500,
      "unit": "ms",
      "min": 3.6073539999999866,
      "median": 3.769747000000052,
      "p75": 4.823734999999942,
      "p95": 7.010086999999885,
      "max": 7.010086999999885,
      "runs": [
        3.7565329999999904,
        3.87838899999997,
        3.6073539999999866,
        5.290727000000061,
        7.010086999999885,
        4.823734999999942,
        3.675091000000066,
        3.8083190000002105,
        3.621911000000182,
        3.769747000000052
      ]
    },
    {
      "scenario": "list-1000-update",
      "framework": "React",
      "finalValue": 514500,
      "unit": "ms",
      "min": 2.964093000000048,
      "median": 3.1334689999998773,
      "p75": 3.3053910000000997,
      "p95": 4.89716199999998,
      "max": 4.89716199999998,
      "runs": [
        3.5034200000000055,
        4.89716199999998,
        3.3053910000000997,
        2.964093000000048,
        3.1901150000001053,
        3.150180999999975,
        3.1334689999998773,
        2.9866049999998268,
        3.109856000000036,
        2.972058000000061
      ]
    },
    {
      "scenario": "list-1000-update",
      "framework": "Vue",
      "finalValue": 514500,
      "unit": "ms",
      "min": 42.23196800000005,
      "median": 46.54715299999998,
      "p75": 47.97150200000033,
      "p95": 57.67003599999998,
      "max": 57.67003599999998,
      "runs": [
        46.92015700000002,
        48.88521700000001,
        46.54715299999998,
        47.97150200000033,
        45.78203399999984,
        47.749197000000095,
        46.144210999999814,
        57.67003599999998,
        42.23196800000005,
        46.36065400000007
      ]
    },
    {
      "scenario": "list-1000-update",
      "framework": "Svelte",
      "finalValue": 514500,
      "unit": "ms",
      "min": 9.895281999999952,
      "median": 10.095626000000266,
      "p75": 10.466678999999658,
      "p95": 10.550956000000042,
      "max": 10.550956000000042,
      "runs": [
        10.12861699999985,
        9.895281999999952,
        10.095626000000266,
        9.920239000000038,
        10.421785,
        10.02088700000013,
        10.079877000000124,
        10.466678999999658,
        10.550956000000042,
        10.480714999999691
      ]
    },
    {
      "scenario": "list-1000-update",
      "framework": "Solid",
      "finalValue": 514500,
      "unit": "ms",
      "min": 10.16378399999985,
      "median": 10.48736800000006,
      "p75": 10.70659599999999,
      "p95": 12.899339999999938,
      "max": 12.899339999999938,
      "runs": [
        12.899339999999938,
        12.354623000000174,
        10.282024999999976,
        10.651514000000134,
        10.70659599999999,
        10.644530000000032,
        10.16378399999985,
        10.397741000000224,
        10.48736800000006,
        10.481074999999691
      ]
    },
    {
      "scenario": "keyed-list-1000-update",
      "framework": "Ariana",
      "finalValue": 514500,
      "unit": "ms",
      "min": 0.5567900000000918,
      "median": 0.769626999999673,
      "p75": 1.0005780000001323,
      "p95": 1.064817999999832,
      "max": 1.064817999999832,