{
  "metadata": {
    "generatedAt": "2026-06-28T05:11:12.005Z",
    "node": "v22.23.0",
    "platform": "linux",
    "arch": "x64",
    "rounds": 10,
    "warmup": 5000,
    "counterIterations": 50000,
    "listSize": 1000,
    "listUpdates": 1000,
    "largeListSize": 10000,
    "largeListMoves": 100,
    "arraySize": 2000,
    "arrayMoves": 50
  },
  "results": [
    {
      "scenario": "derived-counter",
      "framework": "Ariana",
      "finalValue": 99998,
      "unit": "ms",
      "min": 4.759610000000009,
      "median": 4.817880000000002,
      "p75": 4.917635999999959,
      "p95": 12.94190500000002,
      "max": 12.94190500000002,
      "runs": [
        12.94190500000002,
        4.759610000000009,
        4.786339999999996,
        4.83859799999999,
        4.817880000000002,
        4.876529000000005,
        4.997175000000027,
        4.815233999999975,
        4.817838999999992,
        4.917635999999959
      ]
    },
    {
      "scenario": "derived-counter",
      "framework": "Angular",
      "finalValue": 99998,
      "unit": "ms",
      "min": 3.1851299999999583,
      "median": 3.193375000000003,
      "p75": 3.2335299999999734,
      "p95": 15.733289000000013,
      "max": 15.733289000000013,
      "runs": [
        15.733289000000013,
        3.430699000000004,
        3.193375000000003,
        3.2335299999999734,
        3.186112000000037,
        3.1975530000000276,
        3.186241999999993,
        3.2251150000000166,
        3.187865000000045,
        3.1851299999999583
      ]
    },
    {
      "scenario": "derived-counter",
      "framework": "React",
      "finalValue": 99998,
      "unit": "ms",
      "min": 55.68356600000004,
      "median": 56.03863799999999,
      "p75": 56.27354799999989,
      "p95": 113.19956300000001,
      "max": 113.19956300000001,
      "runs": [
        113.19956300000001,
        56.61968400000001,
        55.76479699999993,
        55.998693,
        56.09226899999999,
        55.75146199999995,
        56.03863799999999,
        56.21511899999996,
        55.68356600000004,
        56.27354799999989
      ]
    },
    {
      "scenario": "derived-counter",
      "framework": "Vue",
      "finalValue": 99998,
      "unit": "ms",
      "min": 2.9218680000001314,
      "median": 2.928781000000072,
      "p75": 2.9926900000000387,
      "p95": 13.631843000000117,
      "max": 13.631843000000117,
      "runs": [
        13.631843000000117,
        2.9926900000000387,
        2.928831000000173,
        3.2540879999999106,
        2.9250640000000203,
        2.928781000000072,
        2.9218680000001314,
        2.928150000000187,
        2.927778999999873,
        2.9370859999999084
      ]
    },
    {
      "scenario": "derived-counter",
      "framework": "Svelte",
      "finalValue": 99998,
      "unit": "ms",
      "min": 9.971636999999873,
      "median": 10.255516999999827,
      "p75": 10.622851000000082,
      "p95": 21.09914300000014,
      "max": 21.09914300000014,
      "runs": [
        21.09914300000014,
        10.189122999999881,
        10.622851000000082,
        10.432898000000023,
        10.228986999999961,
        11.043859000000111,
        10.255516999999827,
        10.405195999999933,
        9.971636999999873,
        10.159747000000152
      ]
    },
    {
      "scenario": "derived-counter",
      "framework": "Solid",
      "finalValue": 99998,
      "unit": "ms",
      "min": 12.332145999999966,
      "median": 12.712256000000025,
      "p75": 13.38709700000004,
      "p95": 28.708145999999942,
      "max": 28.708145999999942,
      "runs": [
        28.708145999999942,
        12.712256000000025,
        12.966270000000122,
        12.660289000000148,
        12.62663600000019,
        12.816049999999905,
        12.548270000000002,
        13.38709700000004,
        12.332145999999966,
        13.865610999999944
      ]
    },
    {
      "scenario": "list-1000-update",
      "framework": "Ariana",
      "finalValue": 514500,
      "unit": "ms",
      "min": 3.384792999999945,
      "median": 3.5910180000000764,
      "p75": 3.7512269999999717,
      "p95": 3.9129199999999855,
      "max": 3.9129199999999855,
      "runs": [
        3.6387070000000676,
        3.384792999999945,
        3.6710979999998017,
        3.5910180000000764,
        3.8340119999998024,
        3.9129199999999855,
        3.7512269999999717,
        3.398427999999967,
        3.5660709999999654,
        3.4077250000000276
      ]
    },
    {
      "scenario": "list-1000-update",
      "framework": "Angular",
      "finalValue": 514500,
      "unit": "ms",
      "min": 3.678100000000086,
      "median": 3.8938029999999344,
      "p75": 4.09473899999989,
      "p95": 4.44384100000002,
      "max": 4.44384100000002,
      "runs": [
        3.8216390000000047,
        3.910955000000058,
        4.09473899999989,
        4.375331999999844,
        3.678100000000086,
        3.8938029999999344,
        3.7260100000000875,
        4.44384100000002,
        3.9485560000000532,
        3.8682960000001003
      ]
    },
    {
      "scenario": "list-1000-update",
      "framework": "React",
      "finalValue": 514500,
      "unit": "ms",
      "min": 2.9794449999999415,
      "median": 3.238589999999931,
      "p75": 3.5581459999998515,
      "p95": 4.420337000000018,
      "max": 4.420337000000018,
      "runs": [
        3.5581459999998515,
        3.5190030000001116,
        4.420337000000018,
        2.9794449999999415,
        3.2565629999999146,
        3.238589999999931,
        3.6112949999999273,
        3.1370699999999943,
        3.2110079999999925,
        2.982601000000159
      ]
    },
    {
      "scenario": "list-1000-update",
      "framework": "Vue",
      "finalValue": 514500,
      "unit": "ms",
      "min": 42.044116999999915,
      "median": 47.66207599999984,
      "p75": 54.44922899999983,
      "p95": 61.947495999999774,
      "max": 61.947495999999774,
      "runs": [
        47.66207599999984,
        47.883808000000045,
        46.227531,
        54.411019000000124,
        45.783772000000226,
        60.23651600000039,
        61.947495999999774,
        54.44922899999983,
        42.044116999999915,
        45.495894000000135
      ]
    },
    {
      "scenario": "list-1000-update",
      "framework": "Svelte",
      "finalValue": 514500,
      "unit": "ms",
      "min": 9.775589999999738,
      "median": 10.057056000000102,
      "p75": 10.432546999999886,
      "p95": 10.676864000000023,
      "max": 10.676864000000023,
      "runs": [
        10.432546999999886,
        9.842075000000023,
        10.057056000000102,
        9.775589999999738,
        10.064048999999613,
        9.833188000000064,
        10.237792999999783,
        9.806758999999602,
        10.676864000000023,
        10.525911999999607
      ]
    },
    {
      "scenario": "list-1000-update",
      "framework": "Solid",
      "finalValue": 514500,
      "unit": "ms",
      "min": 10.408332999999857,
      "median": 10.548143999999866,
      "p75": 10.739180000000033,
      "p95": 10.83912700000019,
      "max": 10.83912700000019,
      "runs": [
        10.497319000000061,
        10.757604999999785,
        10.414694999999938,
        10.71967399999994,
        10.548143999999866,
        10.663249000000178,
        10.423251000000164,
        10.739180000000033,
        10.408332999999857,
        10.83912700000019
      ]
    },
    {
      "scenario": "keyed-list-1000-update",
      "framework": "Ariana",
      "finalValue": 514500,
      "unit": "ms",
      "min": 0.5183490000003985,
      "median": 0.6539410000000316,
      "p75": 0.7746780000002218,
      "p95": 0.9450550000001385,
      "max": 0.9450550000001385,