{
  "metadata": {
    "generatedAt": "2026-06-28T05:14:59.538Z",
    "node": "v22.23.0",
    "platform": "linux",
    "arch": "x64",
    "rounds": 10,
    "warmup": 5000,
    "counterIterations": 50000,
    "listSize": 1000,
    "listUpdates": 1000,
    "largeListSize": 10000,
    "largeListMoves": 100,
    "arraySize": 2000,
    "arrayMoves": 50
  },
  "results": [
    {
      "scenario": "derived-counter",
      "framework": "Ariana",
      "finalValue": 99998,
      "unit": "ms",
      "min": 1.0361669999999776,
      "median": 1.0437780000000316,
      "p75": 1.2810199999999554,
      "p95": 6.0114770000000135,
      "max": 6.0114770000000135,
      "runs": [
        6.0114770000000135,
        1.4585930000000076,
        1.2810199999999554,
        1.0368170000000418,
        1.0466130000000362,
        1.0437780000000316,
        1.0368579999999952,
        1.0508689999999774,
        1.043026999999995,
        1.0361669999999776
      ]
    },
    {
      "scenario": "derived-counter",
      "framework": "Angular",
      "finalValue": 99998,
      "unit": "ms",
      "min": 2.4666690000000244,
      "median": 2.479007000000024,
      "p75": 2.4890120000000024,
      "p95": 12.066197000000045,
      "max": 12.066197000000045,
      "runs": [
        12.066197000000045,
        2.4890120000000024,
        2.4850359999999796,
        2.488471000000004,
        2.467300000000023,
        2.472206999999969,
        2.4666690000000244,
        2.479007000000024,
        2.4667890000000057,
        2.5552999999999884
      ]
    },
    {
      "scenario": "derived-counter",
      "framework": "React",
      "finalValue": 99998,
      "unit": "ms",
      "min": 39.04800899999998,
      "median": 39.33422299999995,
      "p75": 39.43000500000005,
      "p95": 84.45710300000002,
      "max": 84.45710300000002,
      "runs": [
        84.45710300000002,
        39.58045800000002,
        39.04800899999998,
        39.43000500000005,
        39.317147999999975,
        39.129058999999984,
        39.33655699999997,
        39.422815000000014,
        39.17762200000004,
        39.33422299999995
      ]
    },
    {
      "scenario": "derived-counter",
      "framework": "Vue",
      "finalValue": 99998,
      "unit": "ms",
      "min": 2.241765999999984,
      "median": 2.252240000000029,
      "p75": 2.3229250000000548,
      "p95": 10.892507000000023,
      "max": 10.892507000000023,
      "runs": [
        10.892507000000023,
        2.3229250000000548,
        2.271488999999974,
        2.590372000000002,
        2.241765999999984,
        2.243378000000007,
        2.24947700000007,
        2.2583400000000893,
        2.252240000000029,
        2.2459519999999884
      ]
    },
    {
      "scenario": "derived-counter",
      "framework": "Svelte",
      "finalValue": 99998,
      "unit": "ms",
      "min": 7.495357000000013,
      "median": 7.684627999999975,
      "p75": 7.7443980000000465,
      "p95": 15.355366000000004,
      "max": 15.355366000000004,
      "runs": [
        15.355366000000004,
        7.7443980000000465,
        7.684627999999975,
        7.804535999999985,
        7.556077999999957,
        7.693802000000005,
        7.699230000000057,
        7.676796999999965,
        7.495357000000013,
        7.642396000000076
      ]
    },
    {
      "scenario": "derived-counter",
      "framework": "Solid",
      "finalValue": 99998,
      "unit": "ms",
      "min": 7.823263999999995,
      "median": 7.942951999999991,
      "p75": 8.068298000000027,
      "p95": 19.958073000000013,
      "max": 19.958073000000013,
      "runs": [
        19.958073000000013,
        7.828942999999981,
        7.9980130000000145,
        7.823263999999995,
        7.862452000000076,
        8.085904000000028,
        7.942951999999991,
        8.066785000000095,
        7.848991999999953,
        8.068298000000027
      ]
    },
    {
      "scenario": "list-1000-update",
      "framework": "Ariana",
      "finalValue": 514500,
      "unit": "ms",
      "min": 2.866281000000072,
      "median": 3.0596780000000763,
      "p75": 3.1461259999998674,
      "p95": 3.208118000000013,
      "max": 3.208118000000013,
      "runs": [
        3.208118000000013,
        2.9113189999998212,
        3.1461259999998674,
        3.0596780000000763,
        3.162841999999955,
        2.8772579999999834,
        3.1021210000001247,
        2.87925099999984,
        3.1371829999998226,
        2.866281000000072
      ]
    },
    {
      "scenario": "list-1000-update",
      "framework": "Angular",
      "finalValue": 514500,
      "unit": "ms",
      "min": 2.985308000000032,
      "median": 3.0766439999999875,
      "p75": 3.2267159999998967,
      "p95": 3.2538160000001426,
      "max": 3.2538160000001426,
      "runs": [
        3.0766439999999875,
        3.2538160000001426,
        2.9878920000001017,
        3.2010080000000016,
        2.989703999999847,
        3.1751600000000053,
        3.066908999999896,
        3.2525339999999687,
        2.985308000000032,
        3.2267159999998967
      ]
    },
    {
      "scenario": "list-1000-update",
      "framework": "React",
      "finalValue": 514500,
      "unit": "ms",
      "min": 2.5866470000000845,
      "median": 2.7962780000000294,
      "p75": 2.929155000000037,
      "p95": 3.8024400000001606,
      "max": 3.8024400000001606,
      "runs": [
        2.929155000000037,
        3.0735489999999572,
        3.8024400000001606,
        2.6034219999999095,
        2.7962780000000294,
        2.6027599999999893,
        2.8375590000000557,
        2.5866470000000845,
        2.8207539999998517,
        2.6085599999998976
      ]
    },
    {
      "scenario": "list-1000-update",
      "framework": "Vue",
      "finalValue": 514500,
      "unit": "ms",
      "min": 33.674980000000005,
      "median": 37.30062699999985,
      "p75": 38.21449199999984,
      "p95": 43.553582000000006,
      "max": 43.553582000000006,
      "runs": [
        37.518355000000156,
        38.21449199999984,
        37.135628,
        37.30062699999985,
        37.215795999999955,
        38.47664600000007,
        36.93894599999999,
        43.553582000000006,
        33.674980000000005,
        37.54148400000008
      ]
    },
    {
      "scenario": "list-1000-update",
      "framework": "Svelte",
      "finalValue": 514500,
      "unit": "ms",
      "min": 8.504594999999881,
      "median": 8.624622999999929,
      "p75": 8.755195999999842,
      "p95": 8.828364999999849,
      "max": 8.828364999999849,
      "runs": [
        8.655528000000004,
        8.624622999999929,
        8.828364999999849,
        8.522701999999981,
        8.725962999999865,
        8.504594999999881,
        8.755195999999842,
        8.519627000000128,
        8.763238000000001,
        8.527498999999807
      ]
    },
    {
      "scenario": "list-1000-update",
      "framework": "Solid",
      "finalValue": 514500,
      "unit": "ms",
      "min": 8.27860899999996,
      "median": 8.58781799999997,
      "p75": 8.83736799999997,
      "p95": 8.962884999999915,
      "max": 8.962884999999915,
      "runs": [
        8.541109000000006,
        8.924326999999948,
        8.58781799999997,
        8.962884999999915,
        8.27860899999996,
        8.83736799999997,
        8.535710999999992,
        8.76641299999983,
        8.534869999999955,
        8.750429999999824
      ]
    },
    {
      "scenario": "keyed-list-1000-update",
      "framework": "Ariana",
      "finalValue": 514500,
      "unit": "ms",
      "min": 0.6885720000000219,
      "median": 0.749862000000121,
      "p75": 0.908286999999973,
      "p95": 0.9761880000000929,
      "max": 0.9761880000000929,