{
  "metadata": {
    "generatedAt": "2026-06-28T05:18:54.330Z",
    "node": "v22.23.0",
    "platform": "linux",
    "arch": "x64",
    "rounds": 10,
    "warmup": 5000,
    "counterIterations": 50000,
    "listSize": 1000,
    "listUpdates": 1000,
    "largeListSize": 10000,
    "largeListMoves": 100,
    "arraySize": 2000,
    "arrayMoves": 50
  },
  "results": [
    {
      "scenario": "derived-counter",
      "framework": "Ariana",
      "finalValue": 99998,
      "unit": "ms",
      "min": 1.4722540000000208,
      "median": 1.4850339999999846,
      "p75": 1.5664449999999874,
      "p95": 8.134130999999968,
      "max": 8.134130999999968,
      "runs": [
        8.134130999999968,
        1.4850339999999846,
        1.5664449999999874,
        1.4848630000000185,
        1.4829609999999889,
        1.4906720000000178,
        1.4722540000000208,
        1.6416060000000243,
        1.4740869999999973,
        1.5022890000000189
      ]
    },
    {
      "scenario": "derived-counter",
      "framework": "Angular",
      "finalValue": 99998,
      "unit": "ms",
      "min": 3.180069000000003,
      "median": 3.2820910000000367,
      "p75": 3.36386200000004,
      "p95": 15.308748000000037,
      "max": 15.308748000000037,
      "runs": [
        15.308748000000037,
        3.211426000000017,
        3.36386200000004,
        3.1825729999999908,
        3.368980000000022,
        3.2777739999999653,
        3.3437019999999507,
        3.2820910000000367,
        3.3588340000000017,
        3.180069000000003
      ]
    },
    {
      "scenario": "derived-counter",
      "framework": "React",
      "finalValue": 99998,
      "unit": "ms",
      "min": 54.52648599999998,
      "median": 54.66022499999997,
      "p75": 54.71991400000002,
      "p95": 114.402782,
      "max": 114.402782,
      "runs": [
        114.402782,
        54.71991400000002,
        54.60987,
        54.61439799999994,
        54.709307999999965,
        54.52648599999998,
        54.66022499999997,
        54.683288999999945,
        54.53484000000003,
        60.928206000000046
      ]
    },
    {
      "scenario": "derived-counter",
      "framework": "Vue",
      "finalValue": 99998,
      "unit": "ms",
      "min": 2.8845309999999245,
      "median": 2.89383399999997,
      "p75": 2.896347999999989,
      "p95": 14.31482300000016,
      "max": 14.31482300000016,
      "runs": [
        14.31482300000016,
        2.892853000000059,
        2.894053999999869,
        3.2732579999999416,
        2.8867740000000595,
        2.8845309999999245,
        2.895336000000043,
        2.890830000000051,
        2.89383399999997,
        2.896347999999989
      ]
    },
    {
      "scenario": "derived-counter",
      "framework": "Svelte",
      "finalValue": 99998,
      "unit": "ms",
      "min": 9.63186299999984,
      "median": 9.875645000000077,
      "p75": 9.90255500000012,
      "p95": 21.050799000000097,
      "max": 21.050799000000097,
      "runs": [
        21.050799000000097,
        9.838890999999876,
        9.90255500000012,
        9.875645000000077,
        9.63186299999984,
        9.867983999999979,
        9.910297000000128,
        9.897638000000143,
        9.673665999999912,
        9.891198000000031
      ]
    },
    {
      "scenario": "derived-counter",
      "framework": "Solid",
      "finalValue": 99998,
      "unit": "ms",
      "min": 9.948664000000008,
      "median": 10.026538999999957,
      "p75": 10.229850999999826,
      "p95": 24.36162300000001,
      "max": 24.36162300000001,
      "runs": [
        24.36162300000001,
        10.026538999999957,
        10.229850999999826,
        9.948914000000059,
        10.298792999999932,
        10.005547999999862,
        10.005267999999887,
        10.17735300000004,
        9.948664000000008,
        10.183471999999938
      ]
    },
    {
      "scenario": "list-1000-update",
      "framework": "Ariana",
      "finalValue": 514500,
      "unit": "ms",
      "min": 3.6560950000000503,
      "median": 3.8705540000000838,
      "p75": 3.9639819999999872,
      "p95": 4.018874000000096,
      "max": 4.018874000000096,
      "runs": [
        4.018874000000096,
        3.6841280000001007,
        3.981898999999885,
        3.8705540000000838,
        3.9394760000000133,
        3.6712980000002062,
        3.9639819999999872,
        3.6560950000000503,
        3.8967620000000807,
        3.6618039999998473
      ]
    },
    {
      "scenario": "list-1000-update",
      "framework": "Angular",
      "finalValue": 514500,
      "unit": "ms",
      "min": 3.8375549999998384,
      "median": 3.9230620000000727,
      "p75": 4.1314310000000205,
      "p95": 4.172090999999909,
      "max": 4.172090999999909,
      "runs": [
        3.9230620000000727,
        4.172090999999909,
        3.8396479999998974,
        4.1314310000000205,
        3.858936999999969,
        4.153744000000188,
        3.8375549999998384,
        4.080295000000206,
        3.860668999999916,
        4.104310999999825
      ]
    },
    {
      "scenario": "list-1000-update",
      "framework": "React",
      "finalValue": 514500,
      "unit": "ms",
      "min": 3.2944290000000365,
      "median": 3.541686000000027,
      "p75": 3.6816029999999955,
      "p95": 4.824419999999918,
      "max": 4.824419999999918,
      "runs": [
        3.7143619999999373,
        3.6816029999999955,
        4.824419999999918,
        3.307457999999997,
        3.541686000000027,
        3.321769000000131,
        3.5702179999998407,
        3.2944290000000365,
        3.5664620000000014,
        3.299095999999963
      ]
    },
    {
      "scenario": "list-1000-update",
      "framework": "Vue",
      "finalValue": 514500,
      "unit": "ms",
      "min": 43.486553000000185,
      "median": 48.122172999999975,
      "p75": 48.79625299999998,
      "p95": 55.405670999999984,
      "max": 55.405670999999984,
      "runs": [
        48.122172999999975,
        48.79625299999998,
        47.266362999999956,
        48.568074000000024,
        47.103601000000026,
        50.018115999999964,
        47.28653299999996,
        55.405670999999984,
        43.486553000000185,
        48.28299100000004
      ]
    },
    {
      "scenario": "list-1000-update",
      "framework": "Svelte",
      "finalValue": 514500,
      "unit": "ms",
      "min": 11.194302000000334,
      "median": 11.371725999999853,
      "p75": 11.516489999999976,
      "p95": 11.640705000000253,
      "max": 11.640705000000253,
      "runs": [
        11.640705000000253,
        11.371725999999853,
        11.516489999999976,
        11.287651000000096,
        11.593224000000191,
        11.238957999999911,
        11.468327999999929,
        11.229433999999856,
        11.49979600000006,
        11.194302000000334
      ]
    },
    {
      "scenario": "list-1000-update",
      "framework": "Solid",
      "finalValue": 514500,
      "unit": "ms",
      "min": 11.522899999999936,
      "median": 11.600124999999935,
      "p75": 11.895733000000291,
      "p95": 12.052286000000095,
      "max": 12.052286000000095,
      "runs": [
        11.598331999999573,
        11.600124999999935,
        11.522899999999936,
        12.052286000000095,
        11.619954000000234,
        11.895733000000291,
        11.56623400000035,
        11.886429000000135,
        11.570150000000012,
        11.934259999999995
      ]
    },
    {
      "scenario": "keyed-list-1000-update",
      "framework": "Ariana",
      "finalValue": 514500,
      "unit": "ms",
      "min": 0.7590769999997065,
      "median": 0.9169609999999011,
      "p75": 1.1222349999998187,
      "p95": 1.3114270000000943,
      "max": 1.3114270000000943,