{
  "metadata": {
    "generatedAt": "2026-06-27T23:52:25.234Z",
    "node": "v22.23.0",
    "platform": "linux",
    "arch": "x64",
    "rounds": 10,
    "warmup": 5000,
    "counterIterations": 50000,
    "listSize": 1000,
    "listUpdates": 1000,
    "largeListSize": 10000,
    "largeListMoves": 100,
    "arraySize": 2000,
    "arrayMoves": 50
  },
  "results": [
    {
      "scenario": "derived-counter",
      "framework": "Ariana",
      "finalValue": 99998,
      "unit": "ms",
      "min": 12.527115000000038,
      "median": 12.722403999999983,
      "p75": 12.81111599999997,
      "p95": 30.561684000000014,
      "max": 30.561684000000014,
      "runs": [
        30.561684000000014,
        12.586463000000037,
        12.700613000000033,
        12.722403999999983,
        12.81111599999997,
        12.527115000000038,
        12.744948000000022,
        12.793189999999981,
        12.864225000000033,
        12.541716000000008
      ]
    },
    {
      "scenario": "derived-counter",
      "framework": "Angular",
      "finalValue": 99998,
      "unit": "ms",
      "min": 2.4216849999999113,
      "median": 2.4304969999999457,
      "p75": 2.452069999999935,
      "p95": 14.065588000000048,
      "max": 14.065588000000048,
      "runs": [
        14.065588000000048,
        2.452069999999935,
        2.4378580000000056,
        2.4259309999999914,
        2.4216849999999113,
        2.4304969999999457,
        2.4808229999999867,
        2.4344529999999622,
        2.42183399999999,
        2.4296259999999847
      ]
    },
    {
      "scenario": "derived-counter",
      "framework": "React",
      "finalValue": 99998,
      "unit": "ms",
      "min": 51.536617999999976,
      "median": 51.93742300000008,
      "p75": 54.85092799999995,
      "p95": 102.42428400000006,
      "max": 102.42428400000006,
      "runs": [
        102.42428400000006,
        52.69569899999999,
        51.906277000000046,
        51.536617999999976,
        54.85092799999995,
        51.90387400000009,
        51.988009000000034,
        51.93742300000008,
        56.90051099999994,
        51.65187999999989
      ]
    },
    {
      "scenario": "derived-counter",
      "framework": "Vue",
      "finalValue": 99998,
      "unit": "ms",
      "min": 2.762340000000222,
      "median": 2.887756999999965,
      "p75": 2.8954369999999017,
      "p95": 14.083253999999897,
      "max": 14.083253999999897,
      "runs": [
        14.083253999999897,
        2.8900699999999233,
        2.8883069999999407,
        2.886254000000008,
        2.879274000000123,
        2.8954369999999017,
        2.887756999999965,
        3.1908559999999397,
        2.762340000000222,
        2.771142999999938
      ]
    },
    {
      "scenario": "derived-counter",
      "framework": "Svelte",
      "finalValue": 99998,
      "unit": "ms",
      "min": 9.47889999999984,
      "median": 9.746637000000192,
      "p75": 9.843021000000135,
      "p95": 20.167155000000093,
      "max": 20.167155000000093,
      "runs": [
        20.167155000000093,
        9.753448000000162,
        9.47889999999984,
        9.741019000000051,
        9.744504000000006,
        9.746637000000192,
        9.487583000000086,
        9.747127999999975,
        9.844712999999956,
        9.843021000000135
      ]
    },
    {
      "scenario": "derived-counter",
      "framework": "Solid",
      "finalValue": 99998,
      "unit": "ms",
      "min": 9.570365999999922,
      "median": 9.765114999999923,
      "p75": 10.107623999999987,
      "p95": 26.032711999999947,
      "max": 26.032711999999947,
      "runs": [
        26.032711999999947,
        10.107623999999987,
        9.666157999999996,
        9.765114999999923,
        10.841843000000154,
        9.606158999999934,
        9.790802999999869,
        9.665607000000136,
        9.774359000000004,
        9.570365999999922
      ]
    },
    {
      "scenario": "list-1000-update",
      "framework": "Ariana",
      "finalValue": 514500,
      "unit": "ms",
      "min": 3.4265869999999268,
      "median": 3.5356379999998353,
      "p75": 3.6598630000000867,
      "p95": 3.888302000000067,
      "max": 3.888302000000067,
      "runs": [
        3.497472000000016,
        3.773050999999896,
        3.5356379999998353,
        3.888302000000067,
        3.482680000000073,
        3.646001999999953,
        3.4265869999999268,
        3.6377390000000105,
        3.47582999999986,
        3.6598630000000867
      ]
    },
    {
      "scenario": "list-1000-update",
      "framework": "Angular",
      "finalValue": 514500,
      "unit": "ms",
      "min": 3.8082019999999375,
      "median": 3.885387000000037,
      "p75": 4.036111000000119,
      "p95": 5.306376,
      "max": 5.306376,
      "runs": [
        5.306376,
        3.885387000000037,
        4.092595000000074,
        3.8795390000000225,
        4.033016000000089,
        3.8082019999999375,
        4.008550000000014,
        3.8373160000001008,
        4.036111000000119,
        3.8258089999999356
      ]
    },
    {
      "scenario": "list-1000-update",
      "framework": "React",
      "finalValue": 514500,
      "unit": "ms",
      "min": 3.2856969999998,
      "median": 3.479765000000043,
      "p75": 3.6154670000000806,
      "p95": 4.087848000000122,
      "max": 4.087848000000122,
      "runs": [
        3.479765000000043,
        4.087848000000122,
        3.361650000000054,
        3.5982809999998153,
        3.3186060000000452,
        3.6154670000000806,
        3.2856969999998,
        3.6931319999998777,
        3.3532880000000205,
        3.5326939999999922
      ]
    },
    {
      "scenario": "list-1000-update",
      "framework": "Vue",
      "finalValue": 514500,
      "unit": "ms",
      "min": 43.401152999999795,
      "median": 45.84998799999994,
      "p75": 52.78662299999996,
      "p95": 60.052189,
      "max": 60.052189,
      "runs": [
        58.422379999999976,
        45.84998799999994,
        52.78662299999996,
        43.401152999999795,
        51.75879799999984,
        44.746430000000146,
        60.052189,
        43.60106900000028,
        47.690720000000056,
        43.52005899999995
      ]
    },
    {
      "scenario": "list-1000-update",
      "framework": "Svelte",
      "finalValue": 514500,
      "unit": "ms",
      "min": 10.504342000000179,
      "median": 10.846960999999737,
      "p75": 11.236688999999842,
      "p95": 11.698073999999906,
      "max": 11.698073999999906,
      "runs": [
        11.698073999999906,
        11.236688999999842,
        11.39664700000003,
        10.518702999999732,
        10.779101000000082,
        10.504342000000179,
        10.704399000000194,
        10.846960999999737,
        11.111834000000272,
        10.85260900000003
      ]
    },
    {
      "scenario": "list-1000-update",
      "framework": "Solid",
      "finalValue": 514500,
      "unit": "ms",
      "min": 10.986988999999994,
      "median": 11.272321999999804,
      "p75": 11.490756999999576,
      "p95": 11.615892000000258,
      "max": 11.615892000000258,
      "runs": [
        11.236888999999792,
        11.602601999999933,
        11.272321999999804,
        11.615892000000258,
        11.231461999999738,
        11.326943000000028,
        10.986988999999994,
        11.403677000000243,
        11.249788999999964,
        11.490756999999576
      ]
    },
    {
      "scenario": "keyed-list-1000-update",
      "framework": "Ariana",
      "finalValue": 514500,
      "unit": "ms",
      "min": 0.7198189999999158,
      "median": 0.8606680000002598,
      "p75": 1.0775189999999384,
      "p95": 1.148464000000331,
      "max": 1.148464000000331,