{
  "metadata": {
    "generatedAt": "2026-06-28T00:09:42.817Z",
    "node": "v22.23.0",
    "platform": "linux",
    "arch": "x64",
    "rounds": 10,
    "warmup": 5000,
    "counterIterations": 50000,
    "listSize": 1000,
    "listUpdates": 1000,
    "largeListSize": 10000,
    "largeListMoves": 100,
    "arraySize": 2000,
    "arrayMoves": 50
  },
  "results": [
    {
      "scenario": "derived-counter",
      "framework": "Ariana",
      "finalValue": 99998,
      "unit": "ms",
      "min": 4.592782,
      "median": 4.599384000000043,
      "p75": 4.616907000000026,
      "p95": 12.604567999999972,
      "max": 12.604567999999972,
      "runs": [
        12.604567999999972,
        4.610613999999998,
        4.597230000000025,
        4.592782,
        4.596488000000022,
        4.594073999999978,
        4.599384000000043,
        4.632594999999981,
        4.616907000000026,
        4.614060999999992
      ]
    },
    {
      "scenario": "derived-counter",
      "framework": "Angular",
      "finalValue": 99998,
      "unit": "ms",
      "min": 2.375682999999981,
      "median": 2.376995999999963,
      "p75": 2.3910620000000335,
      "p95": 14.503594000000021,
      "max": 14.503594000000021,
      "runs": [
        14.503594000000021,
        2.7321870000000104,
        2.387344999999982,
        2.375682999999981,
        2.3833679999999617,
        2.3758639999999787,
        2.376995999999963,
        2.3910620000000335,
        2.376574000000005,
        2.376314999999977
      ]
    },
    {
      "scenario": "derived-counter",
      "framework": "React",
      "finalValue": 99998,
      "unit": "ms",
      "min": 53.470848000000046,
      "median": 54.12236199999995,
      "p75": 56.35519099999999,
      "p95": 108.65522699999997,
      "max": 108.65522699999997,
      "runs": [
        108.65522699999997,
        54.03579000000002,
        53.79600400000004,
        53.470848000000046,
        54.12236199999995,
        54.054575,
        55.89969099999996,
        56.500489000000016,
        56.35519099999999,
        56.25733300000002
      ]
    },
    {
      "scenario": "derived-counter",
      "framework": "Vue",
      "finalValue": 99998,
      "unit": "ms",
      "min": 2.914117000000033,
      "median": 3.261121000000003,
      "p75": 3.6677639999998064,
      "p95": 13.279322999999977,
      "max": 13.279322999999977,
      "runs": [
        13.279322999999977,
        3.261121000000003,
        3.182454000000007,
        3.386201000000028,
        4.48194199999989,
        2.914117000000033,
        3.19361600000002,
        3.0123140000000603,
        3.317354000000023,
        3.6677639999998064
      ]
    },
    {
      "scenario": "derived-counter",
      "framework": "Svelte",
      "finalValue": 99998,
      "unit": "ms",
      "min": 10.23235099999988,
      "median": 10.822441000000026,
      "p75": 10.949775000000045,
      "p95": 20.747157000000016,
      "max": 20.747157000000016,
      "runs": [
        20.747157000000016,
        11.035626999999977,
        10.882070000000112,
        10.452459999999974,
        10.628823000000011,
        10.949775000000045,
        10.920778000000155,
        10.766849999999977,
        10.822441000000026,
        10.23235099999988
      ]
    },
    {
      "scenario": "derived-counter",
      "framework": "Solid",
      "finalValue": 99998,
      "unit": "ms",
      "min": 12.81023499999992,
      "median": 13.707560000000058,
      "p75": 16.809331999999813,
      "p95": 29.273185000000012,
      "max": 29.273185000000012,
      "runs": [
        29.273185000000012,
        12.82194800000002,
        12.938360999999986,
        12.81023499999992,
        16.809331999999813,
        15.39447199999995,
        18.126105000000052,
        13.707560000000058,
        14.393051000000014,
        12.824003000000175
      ]
    },
    {
      "scenario": "list-1000-update",
      "framework": "Ariana",
      "finalValue": 514500,
      "unit": "ms",
      "min": 3.4084760000000642,
      "median": 3.5439969999999903,
      "p75": 3.6621620000000803,
      "p95": 3.8104889999999614,
      "max": 3.8104889999999614,
      "runs": [
        3.5439969999999903,
        3.43516899999986,
        3.8104889999999614,
        3.6621620000000803,
        3.679828000000043,
        3.4084760000000642,
        3.5899379999998473,
        3.476421000000073,
        3.6132649999999558,
        3.467484000000013
      ]
    },
    {
      "scenario": "list-1000-update",
      "framework": "Angular",
      "finalValue": 514500,
      "unit": "ms",
      "min": 3.59599100000014,
      "median": 3.6712700000000495,
      "p75": 3.7874329999999645,
      "p95": 3.8183859999999186,
      "max": 3.8183859999999186,
      "runs": [
        3.6712700000000495,
        3.7998280000001614,
        3.620249000000058,
        3.775339000000031,
        3.6077640000000883,
        3.7688069999999243,
        3.6057700000001205,
        3.7874329999999645,
        3.59599100000014,
        3.8183859999999186
      ]
    },
    {
      "scenario": "list-1000-update",
      "framework": "React",
      "finalValue": 514500,
      "unit": "ms",
      "min": 2.947283999999854,
      "median": 3.1213910000001306,
      "p75": 3.2172930000001543,
      "p95": 3.4466419999998834,
      "max": 3.4466419999998834,
      "runs": [
        3.4466419999998834,
        3.3926340000000437,
        3.2172930000001543,
        2.975970999999845,
        3.1213910000001306,
        2.947283999999854,
        3.1615620000000035,
        2.9495580000000245,
        3.14808499999981,
        2.956873000000087
      ]
    },
    {
      "scenario": "list-1000-update",
      "framework": "Vue",
      "finalValue": 514500,
      "unit": "ms",
      "min": 42.24327800000037,
      "median": 48.02711599999998,
      "p75": 54.518880999999965,
      "p95": 63.09239800000023,
      "max": 63.09239800000023,
      "runs": [
        48.02711599999998,
        48.69883800000002,
        45.84235699999999,
        48.8094950000002,
        47.10175500000014,
        54.518880999999965,
        55.80124799999976,
        63.09239800000023,
        42.24327800000037,
        45.86012299999993
      ]
    },
    {
      "scenario": "list-1000-update",
      "framework": "Svelte",
      "finalValue": 514500,
      "unit": "ms",
      "min": 9.751948000000084,
      "median": 9.896587000000181,
      "p75": 9.993176999999832,
      "p95": 10.075471000000107,
      "max": 10.075471000000107,
      "runs": [
        9.809545000000071,
        10.075471000000107,
        9.896587000000181,
        9.993176999999832,
        9.839853000000403,
        9.931143000000247,
        9.751948000000084,
        10.036769000000277,
        9.852245999999923,
        9.98145599999998
      ]
    },
    {
      "scenario": "list-1000-update",
      "framework": "Solid",
      "finalValue": 514500,
      "unit": "ms",
      "min": 9.681848000000173,
      "median": 9.934087999999974,
      "p75": 10.321549000000232,
      "p95": 10.461890999999923,
      "max": 10.461890999999923,
      "runs": [
        10.461890999999923,
        9.73575800000026,
        9.960266000000047,
        9.773709000000053,
        9.988688999999795,
        9.713846999999987,
        9.934087999999974,
        10.321549000000232,
        10.372723999999835,
        9.681848000000173
      ]
    },
    {
      "scenario": "keyed-list-1000-update",
      "framework": "Ariana",
      "finalValue": 514500,
      "unit": "ms",
      "min": 0.4977969999999914,
      "median": 0.5552129999996396,
      "p75": 0.716675000000123,
      "p95": 0.8526080000001457,
      "max": 0.8526080000001457,