{
  "metadata": {
    "generatedAt": "2026-06-29T21:01:22.190Z",
    "node": "v22.23.0",
    "platform": "linux",
    "arch": "x64",
    "rounds": 10,
    "warmup": 5000,
    "counterIterations": 50000,
    "listSize": 1000,
    "listUpdates": 1000,
    "largeListSize": 10000,
    "largeListMoves": 100,
    "arraySize": 2000,
    "arrayMoves": 50
  },
  "results": [
    {
      "scenario": "derived-counter",
      "framework": "Ariana",
      "finalValue": 99998,
      "unit": "ms",
      "min": 1.3692239999999742,
      "median": 1.374892999999986,
      "p75": 1.3819540000000075,
      "p95": 8.467972000000032,
      "max": 8.467972000000032,
      "runs": [
        8.467972000000032,
        1.6671870000000126,
        1.3692239999999742,
        1.3819540000000075,
        1.3774460000000204,
        1.3695050000000037,
        1.3749230000000239,
        1.3726589999999987,
        1.37129699999997,
        1.374892999999986
      ]
    },
    {
      "scenario": "derived-counter",
      "framework": "Angular",
      "finalValue": 99998,
      "unit": "ms",
      "min": 2.420476000000008,
      "median": 2.4281279999999583,
      "p75": 2.4571410000000355,
      "p95": 14.669195000000002,
      "max": 14.669195000000002,
      "runs": [
        14.669195000000002,
        2.4571410000000355,
        2.4309220000000096,
        2.4281279999999583,
        2.429899999999975,
        2.420476000000008,
        2.4214880000000107,
        2.425804000000028,
        2.4207869999999616,
        2.4931040000000166
      ]
    },
    {
      "scenario": "derived-counter",
      "framework": "React",
      "finalValue": 99998,
      "unit": "ms",
      "min": 50.271071000000006,
      "median": 50.667299999999955,
      "p75": 50.76285199999995,
      "p95": 107.11981600000001,
      "max": 107.11981600000001,
      "runs": [
        107.11981600000001,
        50.74897099999998,
        50.271071000000006,
        50.62675999999999,
        50.76285199999995,
        50.28842700000007,
        50.81023199999993,
        50.67693399999996,
        50.495453999999995,
        50.667299999999955
      ]
    },
    {
      "scenario": "derived-counter",
      "framework": "Vue",
      "finalValue": 99998,
      "unit": "ms",
      "min": 2.875090999999884,
      "median": 2.8928779999998824,
      "p75": 2.8939899999998033,
      "p95": 12.677094999999895,
      "max": 12.677094999999895,
      "runs": [
        12.677094999999895,
        2.893399000000045,
        2.8931290000000445,
        3.2626980000000003,
        2.875090999999884,
        2.8828929999999673,
        2.8873499999999694,
        2.8917069999999967,
        2.8928779999998824,
        2.8939899999998033
      ]
    },
    {
      "scenario": "derived-counter",
      "framework": "Svelte",
      "finalValue": 99998,
      "unit": "ms",
      "min": 9.583438999999998,
      "median": 9.804538000000093,
      "p75": 9.898727000000008,
      "p95": 19.37853199999995,
      "max": 19.37853199999995,
      "runs": [
        19.37853199999995,
        10.079475999999886,
        9.870656000000054,
        9.898727000000008,
        9.63801999999987,
        9.800690999999915,
        9.825489000000061,
        9.80295500000011,
        9.583438999999998,
        9.804538000000093
      ]
    },
    {
      "scenario": "derived-counter",
      "framework": "Solid",
      "finalValue": 99998,
      "unit": "ms",
      "min": 10.123941999999943,
      "median": 12.661412000000155,
      "p75": 16.11605499999996,
      "p95": 24.290971000000127,
      "max": 24.290971000000127,
      "runs": [
        24.290971000000127,
        12.661412000000155,
        16.11605499999996,
        15.83689000000004,
        12.623094999999921,
        11.97637399999985,
        14.627823999999919,
        16.336702999999943,
        12.404269999999997,
        10.123941999999943
      ]
    },
    {
      "scenario": "list-1000-update",
      "framework": "Ariana",
      "finalValue": 514500,
      "unit": "ms",
      "min": 3.6729680000000826,
      "median": 3.8576110000001336,
      "p75": 3.948857000000089,
      "p95": 3.9785210000000006,
      "max": 3.9785210000000006,
      "runs": [
        3.954905999999937,
        3.6729680000000826,
        3.948857000000089,
        3.8576110000001336,
        3.9785210000000006,
        3.6946599999998853,
        3.9105510000001686,
        3.67541099999994,
        3.9212360000001354,
        3.6922860000001947
      ]
    },
    {
      "scenario": "list-1000-update",
      "framework": "Angular",
      "finalValue": 514500,
      "unit": "ms",
      "min": 3.836761000000024,
      "median": 3.9293680000000677,
      "p75": 4.081635000000006,
      "p95": 4.158138000000008,
      "max": 4.158138000000008,
      "runs": [
        3.9293680000000677,
        4.158138000000008,
        3.8987030000000686,
        4.111278000000084,
        3.843399999999974,
        4.076626999999917,
        3.836761000000024,
        4.070748999999978,
        3.8491089999999986,
        4.081635000000006
      ]
    },
    {
      "scenario": "list-1000-update",
      "framework": "React",
      "finalValue": 514500,
      "unit": "ms",
      "min": 3.311719999999923,
      "median": 3.54395599999998,
      "p75": 3.7479289999998855,
      "p95": 5.159915999999839,
      "max": 5.159915999999839,
      "runs": [
        3.7479289999998855,
        5.159915999999839,
        4.899879999999939,
        3.329706999999871,
        3.5572850000000926,
        3.311719999999923,
        3.5545709999998962,
        3.312240999999858,
        3.54395599999998,
        3.31910199999993
      ]
    },
    {
      "scenario": "list-1000-update",
      "framework": "Vue",
      "finalValue": 514500,
      "unit": "ms",
      "min": 43.393923000000086,
      "median": 47.54346899999996,
      "p75": 48.28950699999996,
      "p95": 55.126064999999926,
      "max": 55.126064999999926,
      "runs": [
        47.77634400000011,
        48.28950699999996,
        47.10225300000002,
        47.54346899999996,
        47.503713999999945,
        49.25178700000015,
        47.29937999999993,
        55.126064999999926,
        43.393923000000086,
        47.86069099999986
      ]
    },
    {
      "scenario": "list-1000-update",
      "framework": "Svelte",
      "finalValue": 514500,
      "unit": "ms",
      "min": 11.255352999999559,
      "median": 11.28029000000015,
      "p75": 11.714044999999714,
      "p95": 12.322157999999945,
      "max": 12.322157999999945,
      "runs": [
        12.322157999999945,
        12.21988599999986,
        11.714044999999714,
        11.28029000000015,
        11.272538000000168,
        11.279528999999911,
        11.573534999999993,
        11.275271999999859,
        11.323484000000008,
        11.255352999999559
      ]
    },
    {
      "scenario": "list-1000-update",
      "framework": "Solid",
      "finalValue": 514500,
      "unit": "ms",
      "min": 10.92937800000027,
      "median": 11.309272999999848,
      "p75": 11.569128999999975,
      "p95": 11.71016899999995,
      "max": 11.71016899999995,
      "runs": [
        10.92937800000027,
        11.230465999999979,
        11.192839999999705,
        11.56977999999981,
        11.461679000000004,
        11.71016899999995,
        11.25409099999979,
        11.55813199999966,
        11.309272999999848,
        11.569128999999975
      ]
    },
    {
      "scenario": "keyed-list-1000-update",
      "framework": "Ariana",
      "finalValue": 514500,
      "unit": "ms",
      "min": 0.7838849999998274,
      "median": 0.9061859999997068,
      "p75": 1.0328249999997752,
      "p95": 1.2126419999999598,
      "max": 1.2126419999999598,